न.,प्रश्न,विकल्प 1,विकल्प 2 ,विकल्प 3,विकल्प 4 ,Level,,FixOption
28,मोक्ष में आकुलता है।,ना ,हाँ ,हाँ-ना ,किसी-किसी स्‍थान पर ,1,,
54,सुख का मिलना आत्‍मा का है- ,हित ,कल्‍याण ,भला,ये तीनों हैं,1,,D=4
55,आकुलता से रहित सच्‍चे सुख की प्राप्ति में आत्‍मा का है ,हित ,अहित ,बंध ,मोक्ष ,1,,
64,क्‍या स्‍वर्ग में सच्‍चा सुख है ?,ना ,हाँ ,मात्र देवों को ,सर्वार्थसिद्धि के देवों को  ,1,,
65,मनुष्‍यगति में सच्‍चा सुख है ।,ना ,हाँ ,मात्र भोग‍भूमिया मनुष्‍यों को ,मात्र श्रावकों को ,1,,
66,नरकगति में सच्‍चा सुख है ।,ना ,हाँ ,मात्र भवनवासियों को ,बड़े नारकियों को ,1,,
68,तिर्यंच गति में सच्‍चा सुख है।,ना ,हाँ ,भोगभूमिया तिर्यंचों को ,शेरों को ,1,,
116,किसी भी वस्‍तु को प्राप्त करने की भावना कहलाती है- ,तीनों ,इच्‍छा ,अभिलाषा ,लोभ ,1,,
152,वस्‍तु के यथार्थ स्‍वरूप को कहते हैं- ,तत्त्व ,द्रव्‍य ,गुण ,पर्याय,1,,
153,तत्त्व माने वस्‍तु का _______,सच्‍चा स्‍वरूप ,झूठा स्‍वरूप ,कल्पित स्‍वरूप ,परिणमन,1,,
288,हमें धारण करना चाहिए- ,परमात्‍मपद ,बहिरात्‍मपद ,आत्‍मपद ,अंतरात्‍मापद ,1,,
306,अजीव पदार्थ किससे रहित हैं? ,चेतना से ,अचेतना से ,क्रियावती शक्ति से ,आकार से ,1,,
307,ज्ञान-दर्शन अथवा जानने-देखने की शक्ति को कहते हैं- ,चेतना ,जानना ,केवलज्ञान ,केवलदर्शन ,1,,
308,चेतना कहते हैं- ,ज्ञान-दर्शन को ,ज्ञान-चारित्र को ,चारित्र-ज्ञान को ,रत्‍नत्रय को ,1,,
309,चेतना कहते हैं- ,जानने-देखने की शक्ति को ,प्राण को ,बलशालिता को ,एक व्‍यक्ति के नाम को ,1,,
358,सप्त तत्त्व का मिथ्‍या श्रद्धान करने को कहते हैं- ,मिथ्‍यात्‍व ,अविरति ,कषाय ,योग ,1,,
360,"जो आत्‍मा को कसता है, दु:ख देता है उसे कहते हैं- ",कषाय ,पाप ,मिथ्‍यात्‍व ,अविरति ,1,,
366,कषायें होती हैं- ,4 प्रकार की ,10 प्रकार की ,8 प्रकार की ,15 प्रकार की ,1,,
416,मोक्ष से जीव लौटकर आते हैं।,ना ,हाँ ,अवतार के रूप में ,भगवान की इच्‍छा पर ,1,,
422,सच्‍चा देव कहते हैं- ,"जो वीतरागी, सर्वज्ञ हो",जिसके विभूतियाँ हों, जिसके 48 मूलगुण हों,जो मात्र वीतरागी हो ,1,,
423,निम्‍न में से सच्‍चे देव में गुण होते हैं- ,ये तीनों ,वीतरागता,सर्वज्ञता ,पूर्ण सुखी ,1,,
625,तीन लोक और तीन काल में सम्‍यग्‍दर्शन के समान अन्‍य कोई वस्‍तु नहीं है- ,सुखदायक ,दु:खदायक ,स्‍वर्ग दायक ,सुलभ ,1,,
629,मोक्षमहल की प्रथम सीढ़ी है- ,सम्‍यग्‍दर्शन,सम्‍यग्ज्ञान ,सम्‍यक्‍‍चारित्र ,कोई नहीं ,1,,
637,सम्‍यग्‍दर्शन बिना किसी ने मोक्ष पाया है।,नहीं ,हाँ ,शायद ,कभी-कभी ,1,,
643,सुख प्रगट होता है—,आत्‍मा के आश्रय से,राग के आश्रय से,घूमने से,व्‍यवहारनय से ,3,,
644,आत्‍मा स्‍वयं ही सुखस्‍वरूप है।,हाँ ,आत्‍मा दिखती ही नहीं हैं।,सुख परमात्मा देते हैं,आत्‍मा होती ही नहीं है।,2,,
688,जो चेतनता रहित है वह है—,अजीव,जीव,मुनिराज,श्रावक ,1,,
743,कौन-सी दशा अविनाशी और अनन्‍त सुखमय है?,मोक्ष दशा,ज्ञान दशा,संवर दशा,निर्जरा दशा ,1,,
842,प्रत्‍येक जीव को सर्वप्रथम धारण करना चाहिए—,सम्‍यग्‍दर्शन,सम्‍यक्‌ज्ञान,सम्‍यक्‌चारित्र,मिथ्‍यात्‍व ,1,,
26,छहढाला के अनुसार आकुलता नहीं है- ,मोक्ष में ,पशुओं में ,ज्ञान में ,चारों गतियों में ,2,,
27,छहढाला के अनुसार मोक्ष में नहीं है- ,आकुलता ,निराकुलता ,आत्‍मा ,सुख ,2,,
114,"निजात्‍म स्‍वरूप के अतिरिक्‍त विश्‍व के जितने भी द्रव्‍य हैं, वे सभी हैं- ",परद्रव्‍य ,स्‍वद्रव्‍य ,पुद्‍गल द्रव्‍य ,अजीवादि 5 द्रव्‍य ,2,,
115,निम्‍न में से परद्रव्‍य हैं- ,तीनों ,पति या पत्‍नी ,पुत्र ,मकान ,2,,
146,सातों तत्त्वों का करने के लिए कहा है- ,सच्‍चा श्रद्धान ,सत्‍य उपदेश ,सच्‍चा आचरण ,अनुभव ,2,,
154,निम्‍न में से तत्त्व नहीं है- ,काल ,जीव ,संवर ,निर्जरा ,2,,
261,चार घातिकर्मों को नाश करने वाले को कहते हैं- ,अरहंत ,मुनिराज ,निकल परमात्‍मा ,अशरीरी ,2,,
264,चार घाति कर्मों को नाश करने वाले को अरहंत कहते हैं।,हाँ ,ना ,सिद्ध कहते हैं ,परमेष्ठी कहते हैं ,2,,
268,अरहंत परमात्‍मा शरीर सहित होते हैं।,हाँ ,ना ,50-50  ,कोई-कोई ,2,,
310,मात्र पुद्‍गल द्रव्‍य ही अजीव है।,ना ,हाँ ,शेष चार द्रव्‍य ,शायद ,2,,
311,मात्र धर्म द्रव्‍य ही अजीव है।,ना ,हाँ ,मात्र पुद्‍गल,शेष चार द्रव्‍य ,2,,D=4
312,मात्र अधर्म द्रव्‍य ही अजीव है।,ना ,हाँ ,मात्र पुद्‍गल,शेष चार द्रव्‍य ,2,,D=4
313,मात्र आकाश द्रव्‍य ही अजीव है।,ना ,हाँ ,मात्र पुद्‍गल,शेष चार द्रव्‍य ,2,,D=4
314,मात्र काल द्रव्‍य ही अजीव है।,ना ,हाँ ,मात्र पुद्‍गल,शेष चार द्रव्‍य ,2,,D=4
387,आस्रव का हमें क्‍या करना चाहिये ?,त्‍याग ,ज्ञान ,तप ,ध्‍यान ,2,,
388,कर्मों का आत्‍मा के साथ मेल होने को कहते हैं- ,बन्‍ध ,संवर ,मिथ्‍यात्‍व ,मोक्ष ,2,,
389,कर्मों का आना रुकना कहलाता है- ,संवर ,निर्जरा ,बंध ,आस्रव ,2,,
390,पूर्व संचित कर्म प्रदेशों का एकदेश क्षय होना है- ,निर्जरा ,संवर ,आस्रव ,बंध ,2,,
413,मोक्ष कहते हैं- ,बंधन मुक्त अवस्‍था को ,प्रकृति की व्‍यवस्‍था को ,जीवों की आस्‍था को ,ज्ञान नष्‍ट हो जाने को ,2,,
414,कर्मबन्‍ध से रहित जीव की अवस्‍था विशेष को कहते हैं- ,मोक्ष ,निर्जरा ,पर्याय ,संवर ,2,,
551,सम्‍यग्‍दर्शन मलिन होता है- ,मद करने से ,तप करने से ,जप करने से ,स्‍वर्ग  जाने से ,2,,
657,आकुलता नहीं है—,मोक्ष में,परिजनों के साथ में,धन कमाने में,व्‍यवहार मार्ग में,2,,
769,सम्‍यग्‍दृष्टि .............. को धर्म जानता है।,अहिंसा,हिंसा,भय ,असत्‍य ,2,,
838,छ: द्रव्‍यों में से एक द्रव्‍य है—,धर्म,आस्रव,पाप,पुण्‍य ,2,,
23,आकुलता से रहित सुख हितकारी है- ,आत्‍मा को ,तत्त्वों को ,पुद्‍गलों को ,निगोदिया को ,3,,
98,अपने आपकी रुचि होने का नाम है- ,सम्‍यग्‍दर्शन ,सम्‍यग्‍ज्ञान ,सम्‍यक्‍‍चारित्र ,रत्‍नत्रय,3,,
101,अपने आपका क्‍या करने से सम्‍यग्‍ज्ञान होता है- ,ज्ञान करने से,श्रद्धान करने से ,आचरण करने से ,मोह करने से ,3,,
103,किसमें लीनता सम्‍यक्‍‍चारित्र है?,अपने आप में ,परद्रव्‍यों में ,6 द्रव्‍यों में ,अरहंत में ,3,,
104,"सम्‍यग्‍दर्शन, सम्‍यग्‍ज्ञान, सम्‍यक्‍‍चारित्र ये तीनों कारण हैं- ",मोक्ष के ,मोक्षमार्ग के ,रत्‍नत्रय के ,कर्मबन्‍ध के ,3,,
105,मोक्षमहल की प्रथम सीढ़ी है- ,सम्‍यग्‍दर्शन ,सम्‍यग्‍ज्ञान ,सम्‍यक्‍‍चारित्र ,पंचम गुणस्‍थान ,3,,
106,मोक्षमार्ग की प्रथम सीढ़ी सम्‍यग्‍दर्शन होती है।,हाँ ,ना ,सम्‍यग्‍ज्ञान है,मात्र श्रावकों को ,3,,
107,मोक्षमार्ग की प्रथम सीढ़ी सम्‍यग्‍ज्ञान है।,ना ,हाँ ,मात्र मुनिराजों को ,कभी-कभी ,3,,
108,मोक्षमार्ग की प्रथम सीढ़ी सम्‍यक्‍‍चारित्र है।,ना ,हाँ ,मात्र मुनिराजों को ,सम्‍यग्‍ज्ञान सीढ़ी है,3,,
184,निम्‍न में से बहिरंग परिग्रह का भेद है- ,क्षेत्र ,संवर ,राग ,क्रोध ,3,,
185,निम्‍न में से बहिरंग परिग्रह का भेद है-,वास्‍तु ,स्‍पर्शन इन्द्रिय ,जुगुप्‍सा ,हास्‍य ,3,,
186,निम्‍न में से बहिरंग परिग्रह का भेद है-,हिरण्‍य (चाँदी),विवाह ,स्‍त्रीवेद ,रति ,3,,
187,निम्‍न में से बहिरंग परिग्रह का भेद है-,सुवर्ण (Gold),चुटकुले (Jokes),पुरुषवेद ,अरति ,3,,
188,निम्‍न में से बहिरंग परिग्रह का भेद है-,धन ,ग्रन्‍थ ,नपुंसक वेद ,शोक ,3,,
189,निम्‍न में से बहिरंग परिग्रह का भेद है-,धान्‍य ,निर्जरा ,शरीर ,भय ,3,,
190,निम्‍न में से बहिरंग परिग्रह का भेद है-,दासी ,ज्ञान ,क्रोध ,जुगुप्‍सा ,3,,
191,निम्‍न में से बहिरंग परिग्रह का भेद है-,दास ,सुख ,मान ,स्‍त्रीवेद ,3,,
192,निम्‍न में से बहिरंग परिग्रह का भेद है- ,कुप्‍य (वस्त्र),आत्‍मा ,माया ,पुरुषवेद ,3,,
193,निम्‍न में से बहिरंग परिग्रह का भेद है- ,भाण्‍ड (बर्तन),समयसार ,लोभ ,नपुंसकवेद ,3,,
194,निम्‍न में से अंतरंग परिग्रह का भेद है-,क्रोध ,केवलज्ञान ,गहने ,फोन ,3,,
195,निम्‍न में से अंतरंग परिग्रह का भेद है-,मान ,केवलदर्शन ,मकान ,घड़ी ,3,,
196,निम्‍न में से अंतरंग परिग्रह का भेद है- ,माया ,ज्ञान ,दुकान ,पैन ,3,,
197,निम्‍न में से अंतरंग परिग्रह का भेद है- ,लोभ ,पर्याय ,पकवान ,पेंसिल ,3,,
198,निम्‍न में से अंतरंग परिग्रह का भेद है- ,हास्‍य ,द्रव्‍य ,मिठाई ,रजिस्‍टर ,3,,
199,निम्‍न में से अंतरंग परिग्रह का भेद है-,रति ,गुण ,दासी ,मोबाईल ,3,,
200,निम्‍न में से अंतरंग परिग्रह का भेद है- ,अरति ,पर्याय ,दास ,कॉपी ,3,,
201,निम्‍न में से अंतरंग परिग्रह का भेद है- ,शोक ,निश्‍चय नय ,कुप्‍य ,औदारिक शरीर ,3,,
202,निम्‍न में से अंतरंग परिग्रह का भेद है- ,भय ,अज्ञान ,भाण्‍ड ,Black Money,3,,
203,निम्‍न में से अंतरंग परिग्रह का भेद है-,जुगुप्‍सा ,कुमतिज्ञान ,मकान,वैक्रियिक ,3,,
204,निम्‍न में से अंतरंग परिग्रह का भेद है,स्‍त्रीवेद,कुश्रुतज्ञान ,दुकान ,बैंक बैलेंस ,3,,
205,निम्‍न में से अंतरंग परिग्रह का भेद है,पुरुषवेद ,विभंग अवधिज्ञान ,पकवान ,आहारक शरीर ,3,,
206,निम्‍न में से अंतरंग परिग्रह का भेद है,नपुंसकवेद ,मन:पर्ययज्ञान ,कपड़े ,क्षेत्र ,3,,
689,"जिसमें स्‍पर्श, रस, गंध और वर्ण पाया जाता है उसे कहते हैं—",पुद्‌गल,जीव,मन,अमूर्तिक ,3,,
690,जो सभी द्रव्‍यों के लिए निवास स्‍थान देता है उसे कहते हैं—,आकाश द्रव्‍य,पुद्‌गल द्रव्‍य,जीव द्रव्‍य,धरती द्रव्‍य ,3,,
691,अलोकाकाश व लोकाकाश भेद हैं—,आकाश द्रव्‍य के,काल द्रव्‍य के,आसमान के,भगवान के ,3,,
692,आकाश द्रव्‍य के भेद हैं—,2,6,4,5,3,,
693,जो द्रव्‍य स्‍वयं चलते हुए जीवों और पुद्‌गलों को चलने में सहायक है उसे कहते हैं—,धर्म द्रव्‍य,अधर्म द्रव्‍य,धर्म,वाहन ,3,,
21,सच्‍चे सुख का लक्षण है- ,निराकुलता ,भय सहित ,ज्ञाता-दृष्टा ,ज्ञानमय ,4,,
22,‘आकुलता से रहित’ यह लक्षण कहा है- ,सुख का ,आत्‍मा का ,हित का ,मोक्ष का ,4,,
67,देवगति में सच्‍चा सुख नहीं है क्‍योंकि-  ,आकुलता की बहुलता है ,भोगों की अधिकता है ,इन्द्रियों का शासन है ,समय नहीं है ,4,,
69,मनुष्‍य गति में सच्‍चा सुख नहीं है क्‍योंकि- ,आकुलता की बहुलता है ,भोगों के साधन है ,सच्‍चे लोग नहीं है ,सुखाभास है ,4,,
70,तिर्यंच गति में सच्‍चा सुख नहीं है क्‍योंकि- ,आकुलता की बहुलता है ,वध-बन्‍धन दु:ख है ,मन नहीं है ,ज्ञान नहीं है ,4,,
71,नरक गति में सच्‍चा सुख नहीं है क्‍योंकि- ,आकुलता की बहुलता है ,दु:खों की अधिकता है ,पराधीनता है ,इन्द्रियाँ नहीं है ,4,,
145,किनका ज्‍यों का त्‍यों श्रद्धान करने के लिए कहा है?,सातों तत्त्वों का ,जीव-अजीव का ,मात्र आत्‍मा का ,अर्हन्‍त-सिद्ध का ,4,,
157,इनके यथार्थ श्रद्धान‍ बिना मोक्षमार्ग नहीं बन सकता है- ,सात तत्त्वों के ,दो तत्त्वों के ,पाँच तत्त्वों के ,ग्‍यारह तत्त्वों के ,4,,
161,प्रथमानुयोग द्वारा सम्‍यग्‍दर्शन को परिभाषि‍त कर सकते हैं।,हाँ ,ना ,50-50 ,शायद ,4,,
162,करणानुयोग द्वारा सम्‍यग्‍दर्शन को परिभाषि‍त कर सकते हैं।,हाँ ,ना ,50-50 ,शायद ,4,,
163,चरणानुयोग द्वारा सम्‍यग्‍दर्शन को परिभाषि‍त कर सकते हैं।,हाँ ,ना ,50-50 ,शायद ,4,,
164,द्रव्‍यानुयोग द्वारा सम्‍यग्‍दर्शन को परिभाषि‍त कर सकते हैं।,हाँ ,ना ,50-50 ,शायद ,4,,
209,निम्‍न में से ये अंतरात्‍मा का पर्यायवाची नाम है- ,आत्‍मज्ञानी ,मोही ,सिद्ध ,अरिहन्‍त भगवान ,4,,
225,"जो सर्वोत्‍कृष्ट अवस्‍था को प्राप्त हो गये हैं, उन्‍हें कहते हैं- ",परमात्‍मा ,अंतरात्‍मा ,बहिरात्‍मा ,आत्‍मा ,4,,
272,सम्‍यग्‍दर्शन के बिना प्रारंभ नहीं होता- ,धर्म ,जीव ,परिणति ,पाप ,4,,
273,जिसे सम्‍यग्‍दर्शन नहीं है वह जीव है- ,बहिरात्‍मा ,अंतरात्‍मा ,परमात्‍मा ,अजीव ,4,,
289,अंतरात्‍मा का दूसरा नाम है- ,सम्‍यग्‍दृष्टि ,चेतन ,अज्ञानी ,मिथ्‍यादृष्टि ,4,,
440,मद कहते हैं- ,अहंभाव को ,वैभव को ,नशे को ,रुपये-पैसे के नाप को ,4,,
711,स्‍वयं की आत्‍मा को दु:ख देना है—,कषाय,प्रमाद,आत्‍म-स्‍वभाव,अविरति ,4,,
2,छहढाला की तीसरी ढाल में वर्णन किया है- ,सम्‍यग्‍दर्शन का ,सम्‍यग्‍ज्ञान का ,सम्यक्चारित्र का ,रत्‍नत्रय का ,5,,
3,सम्‍यग्‍दर्शन का वर्णन किया गया है- ,तीसरी ढाल में  ,छठवी ढाल में ,दूसरी ढाल में ,पाँचवी ढाल में ,5,,
4,सम्‍यग्‍दर्शन का वर्णन पहली ढाल में किया है।,ना ,हाँ ,दु:खों से लगता तो है ,दु:खों से मुक्ति ही तो सम्‍यग्‍दर्शन है ,5,,
5,सम्‍यग्‍दर्शन का वर्णन दूसरी ढाल में किया गया है ।,ना ,हाँ ,मिथ्‍यात्‍व सम्‍यक्‍त्‍व का मार्ग है,लगता तो है,5,,
6,सम्‍यग्‍दर्शन का वर्णन तीसरी ढाल में किया गया है ।,हाँ  ,ना ,रत्‍नत्रय का वर्णन है ,बारह भावनाओं का वर्णन है ,5,,
7,सम्‍यग्‍दर्शन का वर्णन चौथी ढाल में किया गया है ।,ना ,हाँ ,वहाँ महाव्रतों का वर्णन है ,चौथे गुणस्‍थान का वर्णन है। ,5,,
8,सम्‍यग्‍दर्शन का वर्णन पाँचवी ढाल में किया गया है ।,ना ,हाँ ,पाँचवी में तो मुनिराजों का वर्णन है,हो सकता है,5,,
9,सम्‍यग्‍दर्शन का वर्णन छठवी ढाल में किया गया है।,ना ,हाँ ,छठवी ढाल में तो छ: तत्त्वों का वर्णन है ,लगता तो है ,5,,
10,तीसरी ढाल में चारों गतियों का वर्णन है।,ना ,हाँ ,पता नहीं ,उसमें तो आत्‍मा का वर्णन है ,5,,
11,तीसरी ढाल में सम्‍यग्‍ज्ञान का वर्णन किया है।,ना ,हाँ ,उसमें तो द्वादशांग का वर्णन है ,पढा तो है ,5,,
12,तीसरी ढाल में सम्यक्चारित्र का वर्णन है।,ना ,हाँ ,आधी ढाल में,शुरू के तीन छंदों में,5,,
99,सम्‍यग्‍दर्शन होता है- ,अपने आपकी रुचि होने से ,परद्रव्‍यों की रुचि होने से ,भगवान की रुचि होने से ,6 द्रव्‍यों की रुचि होने से ,5,,
100,सम्‍यग्‍ज्ञान होता है- ,अपने आपको जानने से ,परद्रव्‍यों को जानने से ,गुरु को जानने से ,नव पदार्थों को जानने से ,5,,
102,सम्यक्चारित्र होता है- ,स्‍वयं में लीनता करने से ,स्‍वयं को जानने से ,स्‍वयं का श्रद्धान करने से ,भगवान का आचरण करने से ,5,,
424,"जो विषयों की इच्‍छा से रहित होते हैं, वे कहलाते हैं- ",सच्‍चे गुरु ,सच्‍चे श्रावक ,कुदेव ,सच्‍चे देव ,5,,
425,"जो आरम्‍भ तथा परिग्रह से रहित हैं, वे कहलाते हैं- ",सच्‍चे गुरु ,सच्‍चे श्रावक ,कुदेव ,सच्‍चे देव ,5,,
426,"जो नित्‍य ज्ञान, ध्‍यान और तप में लीन रहते हैं, वे कहलाते हैं- ",सच्‍चे गुरु ,सच्‍चे श्रावक ,कुदेव ,सच्‍चे देव ,5,,
427,"जो संसार के दु:खों से निकालकर उत्तम मोक्ष सुख को प्राप्त कराता है, वह है- ",सच्‍चा धर्म ,सच्‍चा शास्‍त्र ,अकृत्रिम चैत्‍यालय ,निर्जरा  ,5,,
441,अहंभाव को कहते हैं- ,मद ,मूढ़ता ,अनायतन ,तीनों ,4,,
550,अपने में बड़प्‍पन का अनुभव करते हुए दूसरों को तुच्‍छ समझना कहलाता है- ,तीनों ,घमण्‍ड ,मद ,अभिमान ,4,,
19,‘‘सो सुख आकुलता बिन कहिये’’ पंक्ति में प्रयुक्त ‘सो’ शब्‍द का अर्थ है- ,वह ,सौ ,सम्‍पूर्ण ,स्‍वप्‍नमात्र ,6,,
20,‘‘सो सुख आकुलता बिन कहिये’’ पंक्ति में प्रयुक्त ‘कहिये’ शब्द का अर्थ है-,कहा जाता है ,कहो ,कहा गया था ,कहा जायेगा ,6,,
24,‘‘आकुलता शिवमाहिं न तातै’’ प्रस्‍तुत पंक्ति में प्रयुक्त ‘शिवमाहिं’ शब्‍द का अर्थ है- ,मोक्ष में ,मोक्षमार्ग में ,कल्‍याण में ,शंकर में ,6,,
25,‘‘आकुलता शिवमाहिं न तातै’’ प्रस्‍तुत पंक्ति में प्रयुक्त ‘तातै’ शब्‍द का अर्थ है-,इसलिए ,तत:  ,तदनन्‍तर ,गरम (ताता) ,6,,
29,"‘‘आतम को हित है सुख, सो सुख आकुलता बिन कहिये’’ इस पंक्ति में ‘आकुलता बिन’ कहा है-",सुख को ,आत्‍मा को ,हित को ,आकुलता को ,6,,
31,‘‘शिवमग लाग्‍यो चहिये’’ प्रस्‍तुत पंक्ति में प्रयुक्त ‘लाग्‍यो’ शब्‍द का अर्थ है-,लगना ,लगा ,लगेगा ,लगा हुआ,6,,
33,"‘‘आकुलता शिवमग न तातै, शिवमग लाग्‍यो चहिये’’ - ‘चहिये’ शब्‍द का अर्थ है  ",चाहिये ,चाह ,चरम ,चाहत ,6,,
35,‘‘सम्‍यग्‍दर्शन-ज्ञान-चरण शिवमग’’ प्रस्‍तुत पंक्ति में प्रयुक्त ‘चरण’ शब्‍द का अर्थ है- ,चारित्र ,मोक्ष ,चरना ,पैर ,6,,
37,‘‘शिवमग सो द्विविध विचारो’’ प्रस्‍तुत पंक्ति में प्रयुक्त ‘द्विविध’ शब्‍द का अर्थ है-,दो प्रकार ,दो मोक्ष ,दो बंध ,द्वंद-फंद ,6,,
42,‘‘जो सत्‍यारथ रूप सो निश्‍चय’’ इस पंक्ति में प्रयुक्त ‘सत्‍यारथ’ शब्‍द का अर्थ है-  ,वास्‍तविक ,सत्‍य पदार्थ ,सत्‍ रूप जीव ,उत्तम सत्‍य धर्म ,6,,
90,‘‘परद्रव्‍यनतै भिन्‍न आपमे रुचि सम्‍यक्‍त्‍व भला है’’ इस पंक्ति में प्रयुक्त ‘आप मे’ शब्‍द का अर्थ है-,आत्‍मा में ,अपनी वस्‍तुओं में ,अपने द्रव्य में ,अपनी गृहस्‍थी में ,6,,
91,‘‘रुचि सम्‍यक्‍त्‍व भला है’’ इस पंक्ति में प्रयुक्त ‘रुचि’ शब्‍द का अर्थ है-,श्रद्धा ,चारित्र ,Interest,ज्ञान ,6,,
92,‘‘आप रूप को जानपनो सो’’ इस पंक्ति में प्रयुक्त ‘जानपनो’ शब्‍द का अर्थ है-,जानना ,तत्त्व ,जाननहारा ,आत्‍मा ,6,,
94,‘‘सो सम्‍यक्‍‍ज्ञान कला है’’ इस पंक्ति में प्रयुक्त ‘कला’ शब्‍द का अर्थ है-,प्रकाश ,आर्ट ,कलाकार ,नायक ,6,,
95,‘‘आप रूप में लीन रहे थिर’’ इस पंक्ति में प्रयुक्त ‘थिर’ शब्‍द का अर्थ है-,स्थिरतापूर्वक ,एक स्‍थान पर ,थिरकना ,स्‍थान में ,6,,
109,‘‘आप रूप में लीन रहे थिर’’ इस पंक्ति में प्रयुक्त ‘लीन’ शब्‍द का पर्यायवाची क्‍या है?,रम जाना ,मगन होना ,तल्‍लीन ,तीनों ,6,,
130,‘‘निर्जर मोक्ष कहे जिन तिनको’’ इस पंक्ति में प्रयुक्त ‘जिन’ शब्‍द का अर्थ है- ,जिनेन्‍द्र देव ,जिन्‍होंने ,जिनको ,जिनालय ,6,,
131,‘‘निर्जर मोक्ष कहे जिन तिनको’’ इस पंक्ति में प्रयुक्त ‘तिनको’ शब्‍द का अर्थ है-,सात तत्त्वों को ,जिनेन्‍द्र भगवान को ,जिनालय को ,देव-शास्‍त्र–गुरु को ,6,,
132,‘‘ज्यों का त्यों सरधानौ’’ इस पंक्ति में प्रयुक्त ‘ज्यों का त्‍यो’ शब्‍द का अर्थ है-,यथावत्,जितना चाहो उतना ,जैसा चाहो वैसा ,जैसी करनी वैसी भरनी ,6,,
133,‘‘ज्यों का त्यों सरधानौ’’ इस पंक्ति में प्रयुक्त ‘ज्यों का त्‍यो’ शब्‍द का अर्थ है,यथार्थ रूप से ,स्‍वार्थ रूप से ,पदार्थ रूप से ,परार्थ रूप से ,6,,
134,‘‘ज्यों का त्यों सरधानौ’’ इस पंक्ति में प्रयुक्त ‘ज्यों का त्‍यो’ शब्‍द का अर्थ है,तीनों ,यथावत्‍ ,यथार्थ रूप से ,जैसा है वैसा ,6,,
135,‘‘ज्यों का त्यों सरधानौ’’ इस पंक्ति में प्रयुक्त ‘सरधानौ’ शब्‍द का अर्थ है,श्रद्धा करो ,श्रद्धा,श्रद्धा करना ,श्रद्धेय ,6,,
136,‘‘अब इन रूप बखानो’’ इस पंक्ति में प्रयुक्त ‘बखानो’ शब्‍द का अर्थ है,वर्णन करते हैं ,बोलना ,खाना खाना ,विस्‍तार ,6,,
137,‘‘अब इन रूप बखानो’’ इस पंक्ति में प्रयुक्त ‘रूप’ शब्‍द का अर्थ है,स्‍वरूप ,रूपवान ,बनावट ,मूर्तिक ,6,,
138,‘‘तिनको सुन सामान्‍य विशेषै’’ इस पंक्ति में प्रयुक्त ‘सामान्‍य विशेषै’ शब्‍द का अर्थ है,"संक्षेप, विस्तार से",सम्‍यग्‍दर्शन के लिए ,पदार्थों से ,आत्‍मा से,6,,
139,‘‘तिनको सुन सामान्‍य विशेषै’’ इस पंक्ति में प्रयुक्त ‘सामान्‍य’ शब्‍द का अर्थ है,संक्षेप से ,सरलता से ,समता से ,द्रव्‍य से ,6,,
140,‘‘तिनको सुन सामान्‍य विशेषै’’ इस पंक्ति में प्रयुक्त ‘विशेषै’ शब्‍द का अर्थ है,विस्‍तार से ,विशेषता से ,विशेष्‍य से ,पर्याय से ,6,,
142,‘‘दिढ़ प्रतीत उर आनो’’ इस पंक्ति में प्रयुक्त ‘दिढ़’ शब्‍द का अर्थ है,अटल ,कठिन ,परिश्रम ,चलित ,6,,
143,‘‘दिढ़ प्रतीत उर आनो’’ इस पंक्ति में प्रयुक्त ‘प्रतीत’ शब्‍द का अर्थ है,श्रद्धा ,थिरता ,ज्ञान ,अनुभव ,6,,
144,‘‘दिढ़ प्रतीत उर आनो’’ इस पंक्ति में प्रयुक्त ‘उर’ शब्‍द का अर्थ है,हृदय ,औरों पर ,और ,ऊर्ध्‍वता ,6,,
170,‘‘देह-जीव को एक गिने’’ इस पंक्ति में प्रयुक्त ‘गिने’ शब्‍द का अर्थ है-,मानता है,जानता है  ,गिनता है ,ज्ञान ,6,,
171,‘‘देह-जीव को एक गिने बहिरातम तत्त्व मुधा है’’ इस पंक्ति में प्रयुक्त ‘मुधा’ शब्‍द का अर्थ है-,मिथ्‍यादृष्टि ,अमृत ,मूर्ख ,मुनिराज ,6,,
172,‘‘देह-जीव को एक गिने बहिरातम तत्त्व मुधा है’’ इस पंक्ति में प्रयुक्त ‘मुधा’ शब्‍द का अर्थ है-,मोही,मुनि,मूर्ख ,मुर्दा,6,,
173,‘‘देह-जीव को एक गिने बहिरातम तत्त्व मुधा है’’ इस पंक्ति में प्रयुक्त ‘मुधा’ शब्‍द का अर्थ है-,अज्ञानी,श्रावक ,मूर्ख ,मुर्दा ,6,,
177,‘‘देह-जीव को एक गिने बहिरातम तत्त्व मुधा है’’ इस पंक्ति में प्रयुक्त ‘मुधा’ शब्‍द है-,बहिरातमा के लिए ,देह के लिए ,जीव के लिए ,तत्त्व के लिए ,6,,
182,‘‘द्विविध संग बिन सुध उपयोगी’’ इस पंक्ति में ‘संग’ शब्‍द का अर्थ है-,परिग्रह ,साथी ,कर्म ,कषाय ,6,,
243,‘‘मध्‍यम अंतर आतम हैं जे देशव्रती अनगारी’’ इस पंक्ति में प्रयुक्त ‘देशव्रती’ शब्‍द का अर्थ है-,सम्‍यग्‍दृष्टि श्रावक ,देशचारी ,देश-देश में विचरण करना ,श्रावक ,6,,
244,‘‘मध्‍यम अंतर आतम हैं जे देशव्रती अनगारी’’ इस पंक्ति में प्रयुक्त ‘देशव्रती’ शब्‍द का अर्थ सम्‍यग्‍दृष्टि श्रावक है।,हाँ ,ना ,मात्र श्रावक ,श्रावक ही तो देशव्रती है ,6,,
245,‘‘मध्‍यम अंतर आतम हैं जे देशव्रती अनगारी’’ इस पंक्ति में प्रयुक्त ‘अनगारी’ शब्‍द का अर्थ है-,मुनिराज ,मिथ्‍यादृष्टि ,ऐलक ,श्रावक ,6,,
246,‘‘मध्‍यम अंतर आतम हैं जे देशव्रती अनगारी’’ क्‍या इस पंक्ति में प्रयुक्त ‘अनगारी’ शब्‍द का अर्थ मुनिराज है-।,हाँ ,ना ,50-50  ,शायद ,6,,
275,‘‘ज्ञान शरीरी त्रिविध कर्ममल वर्जित सिद्ध महंता’’ इस पंक्ति में प्रयुक्‍त ‘वर्जित’ शब्‍द का क्‍या अर्थ है-,रहित ,विशिष्ट ,विशेष ,विकार ,6,,
276,‘‘ज्ञान शरीरी त्रिविध कर्ममल वर्जित सिद्ध महंता’’ इस पंक्ति में प्रयुक्‍त ‘मल’ शब्‍द का क्‍या अर्थ है-,"मैल, गंदगी",मोह ,दल-दल ,कमल का फूल ,6,,
278,‘‘ते हैं निकल अमल परमातम भोगै सशर्म अनन्‍ता’’ इस पंक्ति में प्रयुक्‍त ‘अमल’ शब्‍द का क्‍या अर्थ है-,मल से रहित ,‘अ’ नाम का मल ,कमल ,गंदगी,6,,
279,‘‘ते हैं निकल अमल परमातम भोगै सशर्म अनन्‍ता’’ इस पंक्ति में प्रयुक्‍त ‘शर्म’ शब्‍द का क्‍या अर्थ है-,सुख ,लज्‍जा ,स्‍वात्‍मचिंतन ,स्‍वर्ग ,6,,
281,"‘‘बहिरातमता हेय जानि तजि, अंतर आतम हूजै’’ इस पंक्ति में प्रयुक्‍त ‘हेय’ शब्‍द का अर्थ है-",छोड़ने योग्‍य ,ग्रहण करने योग्‍य ,मजेदार ,गरीब की हाय ,6,,
282,"‘‘बहिरातमता हेय जानि तजि, अंतर आतम हूजै’’ इस पंक्ति में प्रयुक्‍त ‘जानि’ शब्‍द का अर्थ है-",जानकर ,छोड़कर ,भोगकर ,प्रिय-जान ,6,,
283,"‘‘बहिरातमता हेय जानि तजि, अंतर आतम हूजै’’ इस पंक्ति में प्रयुक्‍त ‘तजि’ शब्‍द का अर्थ है-",छोड़कर ,जानकर ,अक्षय तृतीय ,छोड़ने योग्‍य ,6,,
284,‘‘परमातम को ध्‍याय निरन्‍तर जो नित आनन्‍द पूजै’’ प्रस्‍तुत पंक्ति में प्रयुक्त ‘पूजै’ शब्‍द का अर्थ है- ,प्राप्त करता है ,प्रदान करता है ,पूजा ,प्रदेय  ,6,,
291,‘‘ते हैं निकल अमल परमातम भोगै शर्म अनन्‍ता’’ इस पंक्ति में ‘अनन्‍ता’ शब्‍द का अर्थ है- ,अपरिमित ,परिमित ,निरंतर ,थोड़ा बहुत ,6,,
301,‘‘पुद्‍गल पंच वरन रस गंध दो फरस वसु जाके हैं’’ ‘फरस’ शब्‍द का अर्थ है-,स्‍पर्श ,फर्श ,स्‍पर्शन इन्द्रिय ,छूना ,6,,
302,‘‘जिय पुद्‍गल को चलन सहाई धर्म द्रव्‍य अनरूपी’’ ‘सहाई’ शब्‍द का अर्थ है- ,निमित्त ,सहारा ,छह ,उपादान ,6,,
303,‘’जिय पुद्‍गल को चलन सहाई धर्म द्रव्‍य अनरूपी’’ ‘अनरूपी’ शब्‍द का अर्थ है- ,अमूर्तिक ,मूर्तिक ,अनन्‍तरूपी ,सुन्‍दर ,6,,
304,‘‘तिष्‍ठत होय अधर्म सहाई जिन बिन-मूर्ति निरूपी’’ ‘बिनमूर्ति’ शब्‍द का अर्थ है- ,अमूर्तिक ,मूर्तिक ,प्रतिमा ,पुद्‍गल ,6,,
305,‘‘तिष्‍ठत होय अधर्म सहाई जिन बिन-मूर्ति निरूपी’’ ‘निरूपी’ शब्‍द का अर्थ है-,कहा गया ,अमूर्तिक ,निर्मलमूर्ति ,मूर्तिक ,6,,
339,‘‘सो आकाश पिछानो’’ ‘पिछानो’ शब्‍द का अर्थ है- ,पहचानो ,पछाड़ना ,प्रत्‍यक्ष ,पिछड़ा हुआ ,6,,
340,‘‘नियत वर्तना निशदिन सो व्‍यवहार काल परिमानो’’ इस पंक्ति में ‘परिमानो’ शब्‍द का अर्थ है-,जानो ,प्रमाण ,जानना ,जानेगा ,6,,
341,‘‘नियत वर्तना निशदिन सो व्‍यवहार काल परिमानो’’ इस पंक्ति में ‘वर्तना’ शब्‍द का अर्थ है-,परिणमित ,वर्तन ,चलते रहना,बीतना ,6,,
342,‘‘नियत वर्तना निशदिन सो व्‍यवहार काल परिमानो’’ इस पंक्ति में ‘नियत’ शब्‍द का अर्थ है-,निश्‍चय ,नियति ,घूमना,पक्‍का ,6,,
381,‘‘तातैं इनको तजिये’’ इस पंक्ति में ‘तजिये’ शब्‍द का अर्थ है- ,छोड़ देना चाहिये ,बहुत जीये,छोड़ा ,छोड़ोगे ,6,,
382,‘‘जीव प्रदेश बँधे विधि सो सो’’ इस पंक्ति में ‘बँधे’ शब्‍द का अर्थ है- ,बंधना ,बन्‍धन ,बन्‍ध तत्त्व ,विधान  ,6,,
383,‘‘जीव प्रदेश बँधे विधि सो सो’’ इस पंक्ति में ‘विधि’ शब्‍द का अर्थ है- ,कर्म ,विधान ,धर्म ,तरीका ,6,,
384,‘‘बंधन कबहुँ ना सजिये’’ इस पंक्ति में ‘सजिये’ शब्‍द का अर्थ है- ,करना चाहिये ,सजना ,सजाना चाहिए ,तीनों ,6,,
385,‘‘शम दम तैं जो कर्म न आवैं’’ इस पंक्ति में ‘शम’ शब्‍द का अर्थ है- ,कषायों का अभाव ,स्‍वर्ग का सद्‍भाव ,स्‍वभाव का विभाव ,पापों का दमन ,6,,
386,‘‘शम दम तैं जो कर्म न आवैं’’ इस पंक्ति में ‘दम’ शब्‍द का अर्थ है-,"इन्द्रियों, मन को जीतना ",दम दिखाना ,जीतना ,"कषायों, पापों को जीतना ",6,,
410,"‘‘सकल कर्म तैं रहित अवस्‍था, सो शिव थिर सुखकारी’’ इस पंक्ति में ‘अवस्‍था’ शब्‍द का क्‍या अर्थ है- ",तीनों ,दशा ,हालत ,पर्याय ,6,,
411,"‘‘सकल कर्म तैं रहित अवस्‍था, सो शिव थिर सुखकारी’’ इस पंक्ति में ‘शिव’ शब्‍द का अर्थ है-",मोक्ष ,सत्‍ ,सुख ,शंकर ,6,,
412,"‘‘ये हु मान समकित को कारण, अष्‍ट अंग जुत धारो’’ इस पंक्ति में ‘जुत’ शब्‍द का अर्थ है- ",सहित ,जोग ,युग ,जोतना ,6,,
428,"""वसु मद टारी निवारी त्रिशठता"" इसमें ‘मद’ शब्‍द का अर्थ है- ",घमण्‍ड ,मदिरा ,नशा ,मोह ,6,,
429,"""वसु मद टारी निवारी त्रिशठता"" इसमें ‘शठता’ शब्‍द का अर्थ है- ",मूढ़ता ,शल्‍य ,घमण्‍ड ,शत्रुता ,6,,
430,"""वसु मद टारी निवारी त्रिशठता षट अनायतन त्यागो"" इसमें ‘अनायतन’ शब्‍द का अर्थ है- ",अधर्म स्‍थान ,म्‍लेच्‍छ स्‍थान ,कुगृह ,मंदिर ,6,,
498,"‘‘जिनवच में शंका न धार, वृष भवसुख वांछा भानै’’ इस पंक्ति में ‘वृष’ शब्‍द का अर्थ है-",धर्म ,वृषभ ,बैल ,विष ,6,,
499,"‘‘जिनवच में शंका न धार, वृष भवसुख वांछा भानै’’ इस पंक्ति में ‘वांछा’ शब्‍द का अर्थ है-",इच्‍छा ,कामना ,उपेक्षा ,अपेक्षा ,6,,
500,"‘‘जिनवच में शंका न धार, वृष भवसुख वांछा भानै’’ इस पंक्ति में ‘भानै’ शब्‍द का अर्थ है-",न करे,भाना ,भूखा ,भूतकाल ,6,,
501,"‘‘मुनि तन मलिन न देख घिनावै, तत्त्व कुतत्त्व पिछानै’’ इस पंक्ति में ‘पिछानै’ शब्‍द का अर्थ है-",पहिचाने ,पौंछे ,पीछा करे ,पछाड़ना ,6,,
502,"‘‘मुनि तन मलिन न देख घिनावै, तत्त्व कुतत्त्व पिछानै’’ इस पंक्ति में ‘कुतत्त्व’ शब्‍द का अर्थ है-",झूठे तत्त्व ,7 तत्त्व,बुरे तत्त्व,कुरूप तत्त्व,6,,
503,"""निजगुण अरु पर औगुण ढांकै"" - इसमें ‘ढाँके’ शब्‍द का अर्थ है-  ",छिपाये ,छिपाना ,छिपाया ,छिपाओ ,6,,
504,"""वा निज धर्म बढावै"" इसमें ‘निजधर्म’ शब्‍द का अर्थ है- ",आत्‍मधर्म ,जैनधर्म ,जिनधर्म ,कुधर्म ,6,,
505,"""कामादिक कर वृषतैं चिगते"" - इसमें ‘वृषतै’ शब्‍द का अर्थ है- ",धर्म से ,बैल से ,विषयों से ,वृषभदेव से ,6,,
506,"""कामादिक कर वृषतैं चिगते"" - इसमें ‘‘चिगते’ शब्‍द का अर्थ है- ",गिरते हुए ,चुनते हुए ,गिनते हुए ,चमकते हुए ,6,,
507,"""निज पर को सु दिढावै"" - इसमें ‘दिढ़ावै’ शब्‍द का अर्थ है-  ",दृढ़ करे ,दण्डित करे ,नियमित करे ,दिखाये ,6,,
536,"‘‘पिता भूप वा मातुल नृप जो, होय न तौ मद ठानै’’ इस पंक्ति में ‘भूप’ शब्‍द का अर्थ है-  ",राजा ,मामा ,भूरक्षक ,भोंपू ,6,,
537,"‘‘पिता भूप वा मातुल नृप जो, होय न तौ मद ठानै’’ इस पंक्ति में ‘मातुल’ शब्‍द का अर्थ है-  ",मामा ,काका ,माँ की तुलना ,बहनोई ,6,,
538,"""तपकौ मद न मद जु प्रभुता को""- इसमें ‘प्रभुता’ शब्‍द का अर्थ है- ",तीनों ,ऐश्‍वर्य ,प्रभुत्‍व ,बड़प्‍पन ,6,,
539,"""कुगुरू-कुदेव-कुवृष-सेवक की"" - इसमें ‘कुवृष’ शब्‍द का अर्थ है- ",कुधर्म ,कुशास्‍त्र ,कुनय ,कल्‍पवृक्ष ,6,,
576,"""दोष रहित गुण सहित सुधी जे"" - इसमें 'सुधी' शब्‍द का अर्थ है- ",बुद्धिमान ,सम्‍यग्‍दृष्टि ,स्‍वरूपज्ञ ,सुधा ,6,,
577,"""सम्यक् दरश सजै हैं"" - इसमें ‘‘सजै है’’ शब्‍द का अर्थ है- ",तीनों ,सजे हैं  ,शोभित है ,भूषित हैं ,6,,
579,"""पै सुरनाथ जजै हैं"" - इसमें ‘जजै’ शब्‍द का अर्थ है- ",पूजित है ,जीता है ,जिंदा है ,जोड़ना ,6,,
580,"""गेही पै गृह में न रचै ज्यों"" - इसमें ‘गेही’ शब्‍द का अर्थ है- ",गृहस्‍थ,गृह ,गहना ,गर्व ,6,,
581,"""यथा कादे में हेम अमल है"" - इसमें ‘कादे’ शब्‍द का अर्थ है- ",कीचड़ ,काटना ,कमल ,कुत्ता ,6,,
582,"""यथा कादे में हेम अमल है"" - इसमें ‘हेम’ शब्‍द का अर्थ है-  ",सुवर्ण ,बर्फ ,एक खाद्य पदार्थ ,चमक ,6,,
597,‘‘प्रथम नरक बिन षड् भू ज्‍योतिष वान भवन षंडनारी’’ इस पंक्ति में ‘वान’ शब्‍द का अर्थ है- ,व्‍यंतर ,वाला,ज्‍योतिषवान ,देव ,6,,
598,‘‘प्रथम नरक बिन षड् भू ज्‍योतिष वान भवन षंडनारी’’ इस पंक्ति में ‘षंड’ शब्‍द का अर्थ है-,नपुंसक ,षट् ,गुण ,नरक ,6,,
34,‘‘सम्‍यग्‍दर्शन-ज्ञान-चरण’’ है-  ,मोक्षमार्ग ,मोक्ष ,तीन पैर ,तीन चरण ,4,,
36,मोक्षमार्ग है ,रत्नत्रयरूप,सम्‍यग्‍दर्शन रूप ,सम्यक्चारित्र रूप ,कष्टकारी,4,,
75,‘‘परद्रव्‍यनतैं भिन्‍न आप मे रुचि सम्‍यक्‍त्‍व भला है’’ इस पंक्ति में निश्‍चय सम्‍यग्‍दर्शन का वर्णन है।,हाँ ,ना ,50-50 ,पता नहीं ,7,,
76,‘‘परद्रव्‍यनतैं भिन्‍न आप मे रुचि सम्‍यक्‍त्‍व भला है’’ इस पंक्ति में व्‍यवहार सम्‍यग्‍दर्शन का वर्णन है।,ना ,हाँ ,50-50 ,पता नहीं ,7,,
77,‘‘परद्रव्‍यनतैं भिन्‍न आप मे रुचि सम्‍यक्‍त्‍व भला है’’ इस पंक्ति में सम्‍यग्‍ज्ञान का वर्णन है।,ना ,हाँ ,शायद ,सम्‍यग्‍दर्शन के बाद वही तो होता है ,7,,
78,‘‘परद्रव्‍यनतैं भिन्‍न आप मे रुचि सम्‍यक्‍त्‍व भला है’’ इस पंक्ति में सम्‍यक्‍‍चारित्र का वर्णन है।,ना ,हाँ ,शायद ,पता नहीं,7,,
79,‘‘आप रूप को जानपनो सो सम्‍यक् ज्ञान कला है’’ इस पंक्ति में निश्‍चय सम्‍यग्‍ज्ञान का वर्णन है।,हाँ ,ना ,50-50 ,शायद  ,7,,
80,‘‘आप रूप को जानपनो सो सम्‍यक् ज्ञान कला है’’ इस पंक्ति में व्‍यवहार सम्‍यग्‍ज्ञान का वर्णन है।,ना ,हाँ ,50-50 ,शायद  ,7,,
81,‘‘आप रूप को जानपनो सो सम्‍यक् ज्ञान कला है’’ इस पंक्ति में सम्‍यग्‍दर्शन का वर्णन है।,ना ,हाँ ,50-50 ,शायद  ,7,,
82,‘‘आप रूप को जानपनो सो सम्‍यक् ज्ञान कला है’’ इस पंक्ति में सम्‍यक्‍‍चारित्र का वर्णन है।,ना ,हाँ ,50-50,शायद  ,7,,
83,‘‘आप रूप में लीन रहे थिर सम्‍यक् चारित सोई’’ इस पंक्ति में निश्‍चय सम्‍यक्‍‍चारित्र का वर्णन है।,हाँ ,ना ,शायद ,पता नहीं ,7,,
84,‘‘आप रूप में लीन रहे थिर सम्‍यक् चारित सोई’’ इस पंक्ति में व्‍यवहार सम्‍यक्‍‍चारित्र का वर्णन है।,ना ,हाँ ,शायद ,50-50 ,7,,
85,‘‘आप रूप में लीन रहे थिर सम्‍यक् चारित सोई’’ इस पंक्ति में सम्‍यग्‍दर्शन का वर्णन है,ना ,हाँ ,शायद ,50-50 ,7,,
86,‘‘आप रूप में लीन रहे थिर सम्‍यक् चारित सोई’’ इस पंक्ति में सम्‍यग्‍ज्ञान का वर्णन है,ना ,हाँ ,शायद ,50-50 ,7,,
640,सम्‍यक्चारित्र निश्‍चय सम्‍यग्‍दर्शन-ज्ञान पूर्वक ही होता है—,जीव को,पुद्‌गल को,अजीव को,निगोदिया जीव को ,7,,
658,"जिस मार्ग पर चलने से मोक्ष की प्राप्ति होती हैं, वह है—",मोक्षमार्ग,व्‍यवहारनय मोक्षमार्ग,व्‍यवहार सम्‍यग्‍दर्शन,निश्‍चय मिथ्‍यादर्शन ,4,,
705,छहढाला में मिथ्‍यात्‍व के संबंध में विशेष बताया है—,द्वितीय ढाल में,पहली ढाल में,चौथी ढाल में,पांचवीं ढाल में ,5,,
742,मोक्ष का स्‍वरूप जानकर उसे मानना चाहिए—,स्‍वयं का परमहित,स्‍वयं का अहित,कर्म का विभाव,कर्म की दया ,7,,
844,सम्‍यक्‌दृष्टि का चिंतवन है—,सच्‍चा,कच्‍चा  ,हीन,संक्‍लेशमय ,4,,
845,इन्द्रियों से उत्‍पन्‍न ज्ञान है— ,विनाशीक,नित्य,युगपत्,संपूर्ण,7,,
46,व्‍यवहार मोक्षमार्ग कारण है,निश्‍चय मोक्षमार्ग का ,आत्‍मा का ,देवगति में जाने का,मोक्ष का ,8,,
47,व्‍यवहार मोक्षमार्ग निश्‍चय मोक्षमार्ग का निमित्त कारण है।,हाँ  ,नहीं ,उपादान कारण ,वह तो नैमित्तिक कार्य है ,8,,
49,व्‍यवहार मोक्षमार्ग निश्‍चय मोक्षमार्ग का उपादान कारण है।,नहीं ,हाँ ,नैमित्तिक कार्य है ,व्‍यवहार सत्‍य स्‍वरूप है ,8,,
50,मोक्षमार्ग दो प्रकार के हैं ।,नहीं ,हाँ ,यह नहीं बताया जा सकता ,श्रद्धा का विषय है ,5,,
56,"जिस मोक्ष में आकुलता नहीं है, वह मोक्ष निश्‍चय से कहाँ पर है ?",आत्‍मा में ,लोक के अग्रभाग में ,सात तत्त्वों में ,सिद्ध शिला पर ,8,,
57,जिस मोक्ष में आकुलता नहीं है वह मोक्ष व्‍यवहार से कहाँ पर है ?,लोक के अग्रभाग में ,आत्‍मा में ,सात तत्त्वों में ,सिद्ध शिला पर ,8,,
58,जिस मोक्ष में आकुलता नहीं है वह मोक्ष निश्‍चय से आत्‍मा में है।,हाँ  ,ना ,सात तत्त्वों में ,लोक के अग्र भाग में ,8,,
59,"जिस मोक्ष में आकुलता नहीं है, वह मोक्ष व्‍यवहार से लोक के अग्र भाग में है।",हाँ  ,ना ,सात तत्त्वों में ,नव पदार्थों में  ,8,,
60,"जिस मोक्ष में आकुलता नहीं है, वह मोक्ष निश्‍चय से लोक के अग्र भाग में है।",ना ,हाँ  ,सात तत्त्वों में ,नव पदार्थों में  ,8,,
61,जिस मोक्ष में आकुलता नहीं है वह मोक्ष व्‍यवहार से आत्‍मा में है।,ना ,हाँ  ,सात तत्त्वों में ,नव पदार्थों में  ,8,,
62,बिना व्‍यवहार मोक्षमार्ग पर चले निश्‍चय मोक्षमार्ग की प्राप्ति हो सकती है।,नहीं ,हाँ ,मुनिराजों को ,श्रावकों को ,8,,
63,निश्‍चय मोक्षमार्ग के लिए व्‍यवहार मोक्षमार्ग आवश्‍यक है।,हाँ ,ना ,मात्र आर्यिकाओं को ,मात्र मुनिराजों को ,8,,
96,‘‘अब व्‍यवहार मोक्षमग सुनिये’’ इस पंक्ति के माध्‍यम से पण्डितजी हमें प्रेरित कर रहे हैं- ,मोक्षमार्ग सुनने के लिए ,मोक्षमार्ग अपनाने के लिए ,मोक्षमार्ग छोड़ने के लिए ,मोक्षमार्ग प्राप्ति के लिए ,8,,
120,सम्‍यक्‍‍चारित्र को कह सकते हैं- ,ये तीनों ,यथार्थ आचरण ,यथार्थ लीनता ,यथार्थ रमणता ,8,,A=4
151,तीसरी ढाल में क्‍या सुनकर हृदय में अटल होने को कहा है?,तत्त्वों का स्‍वरूप ,तत्त्वों के नाम ,तत्त्वों की संख्‍या ,संसार का स्वरूप,8,,
155,सामान्‍य रूप से दो तत्त्व हैं- ,जीव-अजीव ,जीव-बंध ,जीव-मोक्ष ,संवर-निर्जरा ,7,,
156,आस्रव आदि तत्त्व विशेष हैं- ,जीव-अजीव के ,मोक्ष के ,बंध-मोक्ष के ,संवर-निर्जरा के ,7,,
174,निम्‍न में से बहिरात्‍मा है- ,मिथ्‍यादृष्टि ,निर्जरा तत्त्व,ज्ञानी,पुद्‍गल,8,,
175,निम्‍न में से बहिरात्‍मा है-,मोही,मोक्ष तत्त्व,सुखी,धर्म द्रव्‍य ,8,,
176,निम्‍न में से बहिरात्‍मा है-,अज्ञानी,मुनि,देहवाला ,संवर तत्त्व ,8,,
217,बहिरात्‍मा को सम्‍यग्‍दृष्टि कहते हैं।,ना ,हाँ ,कभी-कभी ,कुछ-कुछ अंशों में ,4,,
218,बहिरात्‍मा को मिथ्‍यादृष्टि कहते हैं।,हाँ ,ना ,जब आईना देखे तब,बहुत कम अंशों में ,4,,
219,अंतरात्मा को सम्‍यग्‍दृष्टि कहते हैं।,हाँ ,ना ,पूर्णरूप से नहीं ,केवल मुनिराज को ,4,,
220,अंतरात्मा को मिथ्‍यादृष्टि कहते हैं।,ना ,हाँ ,कुछ अंशों में ,केवल श्रावक को ,4,,
221,जो शरीर और आत्‍मा को एक मानता है वह अंतरात्‍मा है।,ना ,हाँ ,जितने अंशों में जाने उतने अंशों में ,कभी-कभी ,8,,
222,"जो शरीर आत्‍मा को एक नहीं मानता, वह बहिरात्‍मा है।",ना ,हाँ ,50-50 ,शायद ,8,,
223,शरीर-आत्‍मा को एक मानने वाला परमात्‍मा है।,ना  ,हाँ ,"हाँ, सकल परमात्‍मा है ",कभी-कभी ,8,,
224,तत्त्वों के स्‍वरूप को नहीं जानने वाले को बहिरात्‍मा कहते हैं।,हाँ ,ना ,शायद ,वह तो मुनि है ,8,,
552,सम्‍यग्‍दृष्टि जीव छह अनायतनों की भक्ति करता है।,ना ,हाँ ,कभी-कभी ,शायद ,8,,
553,सम्‍यग्‍दृष्टि जीव छह अनायतनों की विनय करता है।,ना ,हाँ ,कभी-कभी ,शायद ,8,,
554,सम्‍यग्‍दृष्टि जीव छह अनायतनों की पूजा करता है।,ना ,हाँ ,कभी-कभी ,शायद ,8,,
555,सम्‍यग्‍दृष्टि जीव छह अनायतनों की प्रशंसा करता है।,ना ,हाँ ,कभी-कभी ,शायद ,8,,
556,सम्‍यग्‍दृष्टि जीव भय से कुदेव कुशास्‍त्रादि को नमस्‍कार करता है।,ना ,हाँ ,कभी-कभी ,शायद ,8,,
557,सम्‍यग्‍दृष्टि जीव आशा से कुदेव कुशास्‍त्रादि को नमस्‍कार करता है।,ना ,हाँ ,कभी-कभी ,शायद ,8,,
558,सम्‍यग्‍दृष्टि जीव लोभ से कुदेव कुशास्‍त्रादि को नमस्‍कार करता है।,ना ,हाँ ,कभी-कभी ,शायद ,8,,
559,सम्‍यग्‍दृष्टि जीव स्‍नेह से कुदेव कुशास्‍त्रादि को नमस्‍कार करता है।,ना ,हाँ ,कभी-कभी ,शायद ,8,,
656,आत्‍मा का हित सुख प्राप्ति में है। ऐसा सुख होता है—,आकुलता रहित,आकुलता सहित,परिजनों के साथ,घूमने-फिरने में ,8,,
836,धर्म है—,वस्‍तु का स्‍वभाव,विवाह करना,धन कमाना,4 गति में घूमना ,8,,
839,वस्‍तु का स्‍वभाव अथवा गुण कहलाता है—,धर्म,अधर्म,धर्मद्रव्‍य,अधर्मद्रव्‍य ,8,,
843,"जिसके मद हो, वह निर्मल सम्‍यक्‌दृष्टि हो सकता है—",नहीं,हां,कभी-कभी,क्षायिक सम्यग्दृष्टि हो सकता है,8,,
111,लोक में स्थित पर-वस्‍तुओं में अभिरुचि है- ,मिथ्‍यादर्शन ,सम्‍यग्‍दर्शन ,परज्ञान ,भेदज्ञान ,9,,
112,"जो ज्ञान मात्र पर की ही खोज में निमग्‍न है, वह है- ",मिथ्‍याज्ञान ,सम्‍यग्‍ज्ञान ,व्‍यवहार सम्‍यग्‍ज्ञान ,रत्‍नत्रय ,9,,
113,बहिरात्मा का पर-पदार्थों में रमण करना कहलाता है-,मिथ्‍याचारित्र ,सम्यक्चारित्र ,अजीव तत्त्व ,पारिणामिक भाव ,9,,
147,सातों तत्त्वों का ज्‍यों का त्‍यों श्रद्धान करना चाहिए- ,व्‍यवहार समकित के लिए ,निश्‍चय समकित के लिए ,ज्ञान के लिए ,अनुभव के लिए ,9,,
148,व्‍यवहार समकित की प्राप्ति के लिए करना चाहिए- ,सातों तत्त्वों का यथार्थ श्रद्धान ,सातों तत्त्वों का ज्ञान ,सातों तत्त्वों का यथार्थ आचरण ,सातों तत्त्वों का अयथार्थ श्रद्धान ,9,,
149,सातों तत्त्वों के यथार्थ श्रद्धान करने से होगी- ,व्‍यवहार समकित की प्राप्ति ,निश्‍चय समकित की प्राप्ति ,उपशम समकित की प्राप्ति ,क्षायिक समकित की प्राप्ति ,9,,
150,सातों तत्त्वों का यथार्थ स्वरूप किन दो रूपों में कहा है- ,सामान्‍य-विशेष ,द्रव्‍य-पर्याय ,श्रावक-मुनि ,गुणस्‍थान-मार्गणास्‍थान ,9,,
258,परमात्‍मा के प्रकार होते हैं- ,2,3,10,अनन्‍त ,5,,
259,"परमात्‍मा के सकल, निकल ऐसे दो भेद हैं।",हाँ ,ना ,हाँ-ना ,शायद ,5,,
260,परमात्‍मा के दो भेद है- ,सकल-निकल ,संसारी-मुक्त ,त्रस-स्‍थावर ,अंतरात्‍मा-बहिरात्‍मा ,5,,
286,"ज्ञानमात्र जिनका शरीर है, जो कर्ममल रहित हैं उन्‍हें कहते हैं- ",सिद्ध ,आत्‍मा ,अरहंत ,ज्ञानी ,9,,
293,निकल परमात्‍मा अक्षय अनन्‍त काल तक अनुभव करते हैं- ,तीनों का ,अनन्‍त सुख का ,आनन्‍द का ,आत्‍मा का ,9,,
415,वास्तव में किसी स्‍थान विशेष का नाम मोक्ष है।,नहीं ,हाँ ,लोक का अग्र भाग मोक्ष है ,स्‍वर्ग ही मोक्ष है ,7,,
434,मुख्‍य रूप से मूढ़ता होती है- ,तीन प्रकार की ,पच्‍चीस प्रकार की ,छ: प्रकार की ,8 प्रकार की ,9,,
435,निम्‍न में से एक मूढ़ता है- ,देव मूढ़ता ,शास्‍त्र मूढ़ता ,जीव मूढ़ता ,काल मूढ़ता ,9,,
436,निम्‍न में से एक मूढ़ता है-,गुरु मूढ़ता,राज्‍य मूढ़ता ,धर्म मूढ़ता,काल मूढ़ता ,9,,
437,निम्‍न में से एक मूढ़ता है- ,लोक मूढ़ता ,ग्रन्‍थ मूढ़ता ,आहार मूढ़ता ,पाप मूढ़ता,9,,
438,निम्‍न में से तीन मूढ़तायें हैं- ,देव-गुरु-लोक ,देव-शास्‍त्र-गुरु ,सम्‍यग्‍दर्शन-सम्‍यग्‍ज्ञान-सम्यक्चारित्र,देव-आप्‍त-आगम ,9,,
439,निम्‍न में से मूढ़ता है- ,तीनों ही ,देव मूढ़ता ,गुरु मूढ़ता ,लोक मूढ़ता ,9,,
544,सुन्‍दरता का मद करना है- ,रूप मद ,पुण्‍य उदय ,तप मद ,बल मद ,9,,
545,अपनी विद्या का अभिमान करना है- ,ज्ञान मद ,पुण्‍य मद ,प्रभुता मद ,तप मद ,9,,
546,अपनी धन-सम्‍पत्ति का अभिमान करना है- ,धन मद ,ज्ञान मद ,व्‍यापार मद ,यौवन मद ,9,,
547,अपनी शारीरिक शक्ति का मद करना है- ,बल मद ,रूप मद   ,प्रभुता मद ,कुल मद ,9,,
548,अपने व्रत उपवासादि का मद करना है- ,तप मद ,पुण्‍य मद ,बल मद ,ज्ञान मद ,9,,
549,अपने बड़प्‍पन और आज्ञा चलने का मद करना है- ,प्रभुता मद ,धन मद ,बल मद ,तप मद ,9,,
583,जो पच्‍चीस दोषों से रहित सम्‍यग्‍दर्शन को धारण करता वही है- ,ज्ञानी,मिथ्‍यादृष्टि ,जीव ,संसारी ,9,,
584,जो आठ अंगों से युक्त सम्‍यग्‍दर्शन को धारण करता है वही है- ,समकिती,मिथ्‍यादृष्टि ,जीव ,संसारी ,9,,
587,सम्‍यग्‍दृष्टि घर में किस प्रकार रहता है- ,निर्लिप्‍त होकर ,लिप्‍त होकर ,प्रसन्‍नता पूर्वक ,अभिन्‍न होकर ,9,,
588,"जैसे कमल पानी में रहकर भी पानी से लिप्‍त नहीं होता, वैसे कौन घर में रहते हुए भी गृहस्‍थी से लिप्‍त नहीं होता?",सम्‍यग्‍दृष्टि ,गृहस्‍थी ,मुनिराज ,ब्रह्मचारी ,9,,
591,घर में रहकर भी कोई घर-गृहस्‍थी से विरक्त रह सकता है।,हाँ ,ना ,चतुर्थ काल में ,छठवे काल के प्रारंभ में ,4,,
592,घर में रहकर भी कोई घर-गृहस्‍थी से विरक्त रह सकता है- ,भेदज्ञान के बल से ,वृद्ध हो जाने से ,भगवान के आशीर्वाद से ,पर्याप्त धन होने से ,4,,
593,इन्‍द्र असंयमी सम्‍यग्‍दृष्टि की पूजा करता है। यहाँ 'पूजा' शब्‍द से ग्रहण करना चाहिए- ,आदर ,अष्ट द्रव्‍य से पूजा ,भाव पूजा ,नवधा भक्ति से सम्‍मान ,9,,
626,सम्‍यग्‍दर्शन है- ,ये तीनों ,सर्व धर्म का मूल ,सुखदायक ,मोक्षमहल की प्रथम सीढ़ी,4,,A=4
632,पूर्ण सुखरूप मोक्ष का मार्ग है- ,निराकुल ,आकुलतापूर्ण ,अज्ञानमय ,अशुद्ध ,9,,
665,सम्‍यक्‍त्‍व के 25 दोषों में से शंकादि दोष होते हैं—,आठ,नौ,सात,छ:,9,,
666,सम्‍यक्‍त्‍व के 25 दोषों में से अनायतन होते हैं—,6,8,7,9,9,,
667,सम्‍यक्‍त्‍व के 25 दोषों में से मद दोष हैं—,8,6,7,25,9,,
668,सम्‍यक्‍त्‍व के 25 दोषों में से आठ दोष हैं—,शंका आदि,मूढ़ता आदि,अनायतन आदि,कर्म आदि,9,,
669,सम्‍यक्‍त्‍व के 25 दोषों में से मूढ़ता दोष हैं—,3,8,6,4,9,,
682,सकल व निकल भेद हैं—,परमात्‍मा के,अंतरात्‍मा के,बहिरात्‍मा के,आत्‍मा के ,5,,
717,सात तत्त्वों का दृढ़ श्रद्धान है—,सम्‍यग्‍दर्शन ,सम्‍यग्‍ज्ञान ,सम्यक्चारित्र ,सम्‍यक् तप,9,,
745,सम्‍यक्‍त्‍व के अभिलाषी जीव को सम्‍यक्‍त्‍व के इतने दोषों का त्‍याग करना चाहिए—,25,26,28,36,9,,
768,"जिसे सम्‍यग्‍दर्शन हैं, उन्‍हें इहलोक आदि 7 भय नहीं होते हैं।",हाँ,नहीं,मात्र इस लोक का भय नहीं,"नहीं, मरण का भय है ",9,,
808,मिथ्‍यात्‍व के प्रभाव से श्रद्धान का विपरीतपना है—,त्‍यागने योग्‍य,ग्रहण योग्‍य,जानने योग्‍य,संवर तत्त्व ,3,,
828,सर्वथा एकान्‍त के प्ररूपक शास्‍त्र हैं—,कुशास्‍त्र,सुशास्‍त्र,जैनशास्‍त्र,सम्‍यक् ,9,,
829,अनेकान्‍त को बताने वाले शास्‍त्र हैं—,सुशास्‍त्र,कुशास्‍त्र,मिथ्‍या,संसार-वर्धक ,9,,
830,अहिंसा की प्रेरणा देने वाले शास्‍त्र कहलाते हैं—,ये सभी,आगम,अरहंत की वाणी,सुशास्‍त्र ,9,,A=4
831,रागद्वेषरहित जीव की अवस्‍था को उपादेय बताने वाले शास्‍त्र हैं—,सुशास्‍त्र,कुशास्‍त्र,मिथ्‍याशास्‍त्र,बौद्धशास्‍त्र ,9,,
208,छहढाला के अनुसार जीव की अवस्था की अपेक्षा भेद हैं- ,बहिरात्‍मा–अंतरात्‍मा–परमात्‍मा ,संसारी-मुक्त ,सकल-निकल ,श्रावक-मुनि ,10,,
211,अन्‍तरात्‍मा के भेद हैं- ,3,4,2,5,10,,
212,अंतरात्‍मा के तीन भेद हैं- ,उत्तम-मध्‍यम-जघन्‍य ,बहिरात्‍मा-अंतरात्‍मा-परमात्‍मा ,त्रस-स्‍थावर-मुक्त ,स्‍वर्ग-नरक-मोक्ष ,10,,
214,"जो आत्‍मा के स्‍वरूप को जानते हैं, वे हैं- ",अंतरात्‍मा ,बहिरात्‍मा ,स्‍वरूप सन्‍मुख बहिरात्‍मा ,दुखी आत्‍मा ,10,,
216,"तत्त्वों का सही स्‍वरूप नहीं जानता है, वह है- ",बहिरात्‍मा ,अंतरात्‍मा ,जघन्‍य अंतरात्‍मा ,परमात्‍मा ,10,,
238,मध्‍यम अंतरात्‍मा कहा है- ,देशव्रती और मुनि को ,अविरत सम्‍यग्‍दृष्टि को ,मुनिराज को ,मिथ्‍यादृष्टि को ,10,,
239,जघन्‍य अंतरात्‍मा को कहा है- ,अविरत सम्‍यग्‍दृष्टि ,देशव्रती अनगारी ,मुनिराज ,मिथ्‍यादृष्टि ,10,,
240,देशव्रती को कहा है- ,मध्‍यम अंतरात्‍मा ,जघन्‍य अंतरात्‍मा ,उत्तम अंतरात्‍मा ,परमात्‍मा ,10,,
241,प्रमत्त अनगारी (मुनि) को कहा है-  ,मध्‍यम अंतरात्‍मा ,जघन्‍य अंतरात्‍मा ,उत्तम अंतरात्‍मा ,परमात्‍मा ,10,,
242,अविरत सम्‍यग्‍दृष्टि को कहा है- ,जघन्‍य अंतरात्‍मा,मध्‍यम अंतरात्‍मा,उत्तम अंतरात्‍मा ,परमात्‍मा ,10,,
247,छठवे गुणस्‍थान में स्थित यथाजात रूपधारी मुनि को कहते हैं- ,मध्‍यम अंतरात्‍मा ,जघन्‍य अंतरात्‍मा ,उत्तम अंतरात्‍मा ,परमात्‍मा ,10,,
248,आत्‍मा अवस्‍था की अपेक्षा से है- ,3 प्रकार की ,2 प्रकार की ,4 प्रकार की ,1 प्रकार की ,10,,
249,अंतरंग और बहिरंग परिग्रह रहित यथाजातरूप भावलिंगी मुनि को मध्‍यम अंतरात्‍मा कहते हैं।,हाँ ,ना ,केवल चतुर्थ काल में ,कुछ अंशों में ,10,,
250,दो कषाय के अभाव सहित ऐसे पंचम गुणस्‍थानवर्ती सम्‍यग्‍दृष्टि श्रावक को कहते हैं- ,मध्‍यम अंतरात्‍मा ,जघन्‍य अंतरात्‍मा ,उत्तम अंतरात्‍मा ,परमात्‍मा ,10,,
251,दो कषाय के अभाव सहित ऐसे पंचम गुणस्‍थानवर्ती सम्‍यग्‍दृष्टि श्रावक को मध्‍यम अंतरात्‍मा कहते हैं।,हाँ  ,ना ,कुछ अंशों में ,परिपूर्ण रूप से नहीं ,10,,
252,दो कषाय के अभाव सहित ऐसे पंचम गुणस्‍थानवर्ती सम्‍यग्‍दृष्टि श्रावक को जघन्‍य अंतरात्‍मा कहते हैं।,नहीं ,हाँ,कुछ अंशों में ,परिपूर्ण रूप से नहीं ,10,,
253,दो कषाय के अभाव सहित ऐसे पंचम गुणस्‍थानवर्ती सम्‍यग्‍दृष्टि श्रावक को उत्तम अंतरात्‍मा कहते हैं।,नहीं,हाँ ,कुछ अंशों में ,परिपूर्ण रूप से नहीं ,10,,
254,"आत्‍मा के अवस्‍था की अपेक्षा जघन्‍य, मध्‍यम, उत्तम भेद हैं।",ना ,हाँ ,शायद ,50-50 ,10,,
255,व्रत-रहित सम्‍यग्‍दृष्टि जीव को कहते हैं- ,जघन्‍य अंतरात्‍मा ,मध्‍यम अंतरात्‍मा ,उत्तम अंतरात्‍मा ,परमात्‍मा ,10,,
256,व्रत-रहित सम्‍यग्‍दृष्टि जीव को जघन्‍य अंतरात्‍मा कहते हैं।,हाँ ,ना ,हाँ-ना ,कभी-कभी ,10,,
257,व्रत-सहित सम्‍यग्‍दृष्टि जीव को जघन्‍य अंतरात्‍मा कहते हैं।,ना ,हाँ ,उसे अज्ञानी कहते हैं ,उसे उत्तम अंतरात्‍मा कहते हैं,10,,
262,शरीर सहित परमात्‍मा को कहते हैं- ,सकल ,निकल ,निर्विकल्‍प ,सिद्ध भगवान ,10,,
263,शरीर रहित परमात्‍मा को कहते हैं- ,निकल ,सकल ,अरहंत भगवान ,अविकल ,10,,
265,शरीर सहित परमात्‍मा को सकल परमात्‍मा कहते हैं।,हाँ ,ना ,शायद ,विदेह क्षेत्र में ,10,,
266,शरीर रहित परमात्‍मा को निकल कहते हैं।,हाँ ,ना ,शायद ,भरत क्षेत्र में ,10,,
267,दो प्रकार के परमात्मा में अरिहंत परमात्‍मा होते हैं- ,सकल ,निकल ,इंद्रिय ज्ञानी ,अंतरात्‍मा ,10,,
270,सिद्ध भगवान को सकल परमात्‍मा कहते हैं।,ना ,हाँ ,शायद , बाद में कहलायेंगे  ,10,,
271,सिद्ध भगवान को निकल परमात्‍मा कहते हैं।,हाँ ,ना ,शायद ,किसी-किसी को ,10,,
287,"जिनका ज्ञानमात्र ही शरीर है, जो कर्ममल से रहित हैं, उन्‍हें सकल परमात्‍मा कहते हैं।",ना ,हाँ ,शायद ,वे मुनिराज हैं ,10,,
290,सिद्ध परमेष्ठी का दूसरा नाम छहढाला के अनुसार है- ,निकल परमातमा ,भगवान ,सकल परमात्‍मा ,गुरु ,10,,
317,"काला, नीला, पीला, लाल, सफेद ये पाँच हैं-",पुद्‍गल के वर्ण ,पुद्‍गल के स्‍पर्श,पुद्‍गल की गंध ,आत्‍मा के रंग ,10,,
318,"खट्टा, मीठा, कड़वा, कषायला और चरपरा ये पाँच हैं- ",पुद्‍गल के रस ,पुद्‍गल के वर्ण ,पुद्‍गल के स्‍पर्श ,जीव के रस ,10,,
319,"हलका, भारी, रूखा, चिकना, कड़ा, नरम, ठंडा, गरम ये आठ हैं- ",पुद्‍गल के स्‍पर्श ,पुद्‍गल के गंध ,पुद्‍गल के रस ,जीव की पर्याय ,10,,
320,पुद्‍गल द्रव्‍य अमूर्तिक है।,ना ,हाँ ,मात्र परमाणु ,कोई-कोई ,10,,
321,"धर्म द्रव्‍य, जीव और पुद्‍गल द्रव्‍य को चलाने में निमित्त है।",हाँ ,ना ,"नहीं, अधर्म द्रव्‍य निमित्त है ",कहा नहीं जा सकता,10,,
326,"जीव और पुद्‍गल को गतिपूर्वक ठहरने में जो द्रव्‍य निमित्त होता है, वह है- ",अधर्म द्रव्‍य ,धर्म द्रव्‍य ,अधर्म ,धर्म ,10,,
327,"जीव और पुद्‍गल द्रव्‍य को चलने में जो निमित्त हो, वह कौन-सा द्रव्‍य है?",धर्म द्रव्‍य ,अधर्म द्रव्‍य ,काल द्रव्‍य ,पुद्‍गल द्रव्‍य ,10,,
344,"जिसमें सब द्रव्‍य रहते हैं, उसे कहते हैं- ",आकाश द्रव्‍य ,पृथ्‍वी ,घर ,विश्‍व ,10,,
345,आकाश द्रव्‍य कहते हैं- ,जिसमें सब द्रव्‍य रहते हैं ,जिसमें नीला रंग होता है ,जो जानता है ,विश्‍व को ,10,,
346,"जो द्रव्‍यों के बदलने (परिणमन) में निमित्त होता है, उसे कहते हैं- ",काल द्रव्‍य ,आकाश द्रव्‍य ,जीव द्रव्‍य ,धर्म ,10,,
347,"रात,‍ दिन, घड़ी, घण्‍टा आदि को कहते हैं- ",व्‍यवहार काल ,आकाश द्रव्‍य ,धर्म द्रव्‍य ,पुद्‍गल द्रव्‍य ,10,,
354,लोकाकाश किसे कहते हैं?,जहाँ जीवादि द्रव्‍य रहते हैं ,जो लोक के ऊपरी भाग में है ,जहाँ केवल आकाश है ,विश्‍व को ,10,,
355,अलोकाकाश किसे कहते हैं?,जहाँ केवल आकाश हो ,जहाँ छ: द्रव्‍य हो ,जहाँ आकाश ही ना हो ,सिद्धालय को ,10,,
363,आत्‍मा का अहित करने वाले हैं- ,आस्रव-बंध ,अजीव तत्त्व ,मुनिराज ,जमीकंद का त्‍याग ,10,,
628,मोक्षमार्ग की सीढ़ी है -,ये तीनों ,सम्‍यग्‍दर्शन ,सम्‍यग्ज्ञान ,सम्‍यक्‍‍चारित्र ,10,,A=4
630,ज्ञान और चारित्र सम्‍यक्‍‍पने को प्राप्त नहीं होते- ,सम्‍यग्‍दर्शन के बिना ,सम्‍यग्ज्ञान के बिना,सम्‍यक्‍‍चारित्र के बिना ,पुण्‍य के बिना ,10,,
633,राग है- ,आत्‍मा का विभाव ,आत्‍मा का स्‍वभाव ,संवर का कारण ,पुण्‍य प्रदाता ,10,,
634,निश्‍चय के बिना व्‍यवहार है- ,अधुरा,श्रद्धेय ,ज्ञेय ,प्रमेय ,10,,
638,सबसे छोटा अंतरात्‍मा है- ,सम्‍यग्‍दृष्टि अव्रती गृहस्‍थ ,मुनिराज ,व्रती गृहस्‍थ ,नारकी ,10,,
648,आत्‍मा को पर वस्‍तुओं से भिन्‍न जानना है—,निश्‍चय सम्‍यग्‍ज्ञान,निश्‍चय सम्‍यग्‍दर्शन,व्‍यवहार सम्‍यग्‍ज्ञान,व्‍यवहार रत्‍नत्रय ,10,,
649,परद्रव्‍यों का आलम्‍बन छोड़कर आत्‍मस्‍वरूप में एकाग्रता से मग्‍न होना है—,निश्‍चय सम्‍यक्‌चारित्र,अयथार्थ आचरण,टाइम पास,पुण्‍य पापबंध का कारण ,10,,
651,"जो मोक्षमार्ग तो नहीं है, किन्‍तु जो मोक्षमार्ग में निमित्त है, वह है—",व्‍यवहार मोक्षमार्ग,निश्‍चय मोक्षमार्ग,यथार्थ मोक्षमार्ग,गृहीत संसारमार्ग,10,,
652,परपदार्थों से त्रिकाल भिन्‍न ऐसे निज आत्‍मा की अटल प्रतीति करना है—,निश्‍चय सम्‍यग्‍दर्शन,व्‍यवहार सम्‍यग्‍दर्शन,सम्‍यग्‍ज्ञान,सम्यक्चारित्र,10,,
653,निज आत्मा को परवस्‍तुओं से भिन्‍न जानना है—,सम्‍यग्‍ज्ञान,सम्‍यग्‍दर्शन,अज्ञान,कुछ भी नहीं है। ,10,,
654,आत्‍म श्रद्धान सहित सात तत्त्वों की श्रद्धा को कहते हैं—,व्‍यवहार सम्‍यग्‍दर्शन,निश्‍चय सम्‍यग्‍ज्ञान,व्‍यवहार सम्‍यग्‍ज्ञान,रत्‍नत्रय ,10,,
660,जो निश्‍चय मोक्षमार्ग का कारण है उसे कहते हैं—,व्‍यवहार मोक्षमार्ग,व्‍यवहारनय,निश्‍चय मोक्षमार्ग,ज्ञान,10,,
661,परद्रव्‍यों से भिन्‍न अपनी आत्‍मा में रूचि करना है—,निश्‍चय सम्‍यग्‍दर्शन,निश्‍चय सम्‍यग्‍ज्ञान,निश्‍चय नय,मूर्खता ,10,,
662,परद्रव्‍यों से भिन्‍न अपनी आत्‍मा का स्‍वानुभव है—,निश्‍चय सम्‍यग्‍ज्ञान,मिथ्‍याज्ञान,व्‍यवहार सम्‍यग्‍ज्ञान,निश्‍चय सम्‍यग्‍दर्शन ,10,,
671,भेदविज्ञानी सम्‍यग्‍दृष्टि जीव ही है—,अंतरात्‍मा,बहिरात्‍मा,आत्‍मा  ,संसारी ,10,,
672,अरहंत और सिद्ध भगवान पूर्ण निराकुल होने से हैं—,परमात्‍मा,बहिरात्‍मा,अंतर आत्‍मा,शरीर सहित,10,,
673,तीसरी ढाल अनुसार अवस्‍था की अपेक्षा से आत्‍मा होती है—,3 प्रकार की,4 प्रकार की,2 प्रकार की,10 प्रकार की ,10,check before,
683,चार घातिया कर्मों का नाश करने वाले श्री अरहंत भगवान शरीर सहित होने से हैं—,सकल परमात्‍मा,निकल परमात्‍मा,अंतरात्‍मा,बहिरात्‍मा ,10,,
684,शरीर व अष्‍टकर्मों से रहित श्री सिद्ध भगवान हैं—,निकल परमात्‍मा,सकल परमात्‍मा,अंतरात्‍मा,बहिरात्‍मा,10,,
685,"जो परमात्‍मा द्रव्‍यकर्म, भावकर्म और नोकर्म से रहित होते हैं, वह हैं—",निकल परमात्‍मा,सकल परमात्‍मा,अंतरात्‍मा,अजीव ,10,,
686,"ज्ञान ही जिनका शरीर हैं, ऐसे शरीर रहित परमात्‍मा हैं—",निकल परमात्‍मा,सकल परमात्‍मा,बहिरात्‍मा,अंतरात्‍मा,10,,
698,सभी द्रव्यों के परिणमन में सहायक होता है—,काल द्रव्‍य,धर्म,भगवान,परिस्थिति ,10,,
699,व्‍यवहार काल व निश्‍चय काल भेद हैं—,काल के,व्‍यवहार के,निश्‍चय के,घड़ी के ,10,,
700,"घड़ी, दिन, घण्‍टा, सप्‍ताह, पक्ष आदि को कहते हैं—",व्‍यवहार काल,निश्‍चय काल,कुछ भी कह सकते हैं,Titan Watch,10,,
721,"अष्‍ट अंग सहित, पच्‍चीस दोष रहित सम्‍यक् श्रद्धान है—",सम्‍यग्‍दर्शन,अंग ,दोष,ज्ञान ,10,,
722,"आठ शंकादि दोष से विपरीत, सम्‍यक्‍त्‍व के होते हैं—",आठ अंग,आठ लक्षण,आठ कर्म,आठ प्रसिद्ध जीव ,10,,
730,"जो स्‍वयं बदलता है तथा स्‍वयं बदलते हुए द्रव्‍यों को बदलने में निमित्त है, उसे कहते हैं— ",निश्‍चयकाल,व्‍यवहार काल,धर्म द्रव्‍य,भगवान ,10,,
732,"अवगाहन शक्ति होने के कारण जिसमें सर्व द्रव्‍य एक साथ रह सकते हैं, वह है—",आकाश द्रव्‍य,काल द्रव्‍य,द्रव्‍य,पर्याय,10,,
741,जिस प्रकार छिद्र द्वारा पानी नौका में भर जाता है उसी प्रकार कर्म परमाणु; प्रदेशों में पहुंचते हैं—,आत्‍मा के,आकाश के,अज्ञान के,उपदेश दाता के,10,,
762,सम्‍यक्‍त्‍व किसे कहते हैं?,इन सभी को,स्‍व-पर का श्रद्धान,7 तत्त्वों का यथार्थ श्रद्धान,ज्ञायक स्‍वभाव की प्रतीति,10,,A=4
43,‘‘कारण सो व्‍यवहारो’’ इस पंक्ति में व्‍यवहार को बताया है- ,कारण ,कार्य  ,सत्‍य ,फल ,11,,
44,‘‘कारण सो व्‍यवहारो’’ इस पंक्ति में कारण रूप कहा है- ,व्‍यवहार को ,निश्‍चय को ,मोक्षमार्ग को ,मोक्ष को ,11,,
48,"व्‍यवहार मोक्षमार्ग, निश्‍चय मोक्षमार्ग का है ",निमित्त कारण ,उपादान कारण ,नैमित्तिक कार्य ,ज्ञान-ज्ञेय संबंध ,11,,
51,"जहाँ मोक्षमार्ग के रूप में सच्‍चे मोक्षमार्ग की प्ररूपणा हो, वह है- ",निश्‍चय मोक्षमार्ग ,निश्‍चय नय ,परम शुद्ध निश्‍चय नय ,व्‍यवहार मोक्षमार्ग ,11,,
97,अपने आपको निम्न से भिन्‍न श्रद्धान करने का नाम सम्‍यग्‍दर्शन है ,समस्‍त परद्रव्‍यों से ,अपने आप से ,जीव को छोड़कर 6 तत्त्वों से ,8 पदार्थों से ,11,,
237,"जो कर्ममल से रहित हैं एवं परमपद में स्थित हैं, उन्‍हें कहते हैं-  ",परमात्‍मा ,बहिरात्मा,अंतरात्‍मा ,आत्‍मा ,11,,
315,"जिसमें रूप, रस, गंध और स्‍पर्श होते हैं, वह ही अजीव है।",नहीं ,हाँ ,मात्र पुद्‍गल धर्म-अधर्म ,पुद्‍गल को छोड़कर शेष सभी को ,11,,
316,पुद्‍गल द्रव्‍य कहो या अजीव कहो एक ही बात है।,नहीं ,हाँ ,आचार्यों ने तो कहा ,हमने सुना तो है ,11,,
322,निमित्त के बिना जीव और पुद्‍गल द्रव्‍य चलते हैं।,नहीं ,हाँ ,कभी-कभी ,मात्र सिद्ध भगवान ,11,,
323,"दया, व्रत, पूजादि को धर्म द्रव्‍य कहते हैं।",नहीं ,हाँ ,शायद ,कहीं-कहीं ,11,,
324,"सोना-पढ़ना, खाना-पीना इत्‍यादि को अधर्म द्रव्‍य कहते हैं।",नहीं ,हाँ ,शायद ,कहीं-कहीं ,11,,
325,निमित्त के बिना जीव और पुद्‍गल स्थिर रहते हैं।,ना ,हाँ ,शायद ,कभी-कभी ,11,,
330,पुद्‍गल के भेद हैं- ,2,4,8,100,11,,
332,पुद्‍गल द्रव्य के 2 भेद होते हैं।,हाँ ,ना ,शायद ,"दो नहीं, 8 है ",11,,
334,‘‘नियत वर्तना निशदिन’’ इस पंक्ति में व्‍यवहार काल द्रव्‍य का लक्षण बताया है- ,निश-दिन (रात्रि-दिन),नियत,वर्तना ,व्‍यवहार ,11,,
335,‘‘नियत वर्तना निशदिन’’ इस पंक्ति में निश्‍चय काल का लक्षण बताया है- ,वर्तना ,नियत ,निशदिन ,निशदिन वर्तना ,11,,
349,पाँच प्रकार के आस्रवों में से एक आस्रव है- ,मिथ्‍यात्‍व ,सम्‍यक्‍त्‍व ,द्रव्‍य ,विरति ,11,,
350,पाँच प्रकार के आस्रवों में से एक आस्रव है,अविरति,सम्‍यक्‍त्‍व ,विरति ,अप्रमाद ,11,,
351,पाँच प्रकार के आस्रवों में से एक आस्रव है,प्रमाद,पाप ,द्रव्‍य ,तत्त्व ,11,,
352,पाँच प्रकार के आस्रवों में से एक आस्रव है,कषाय,विरति ,अप्रमाद ,पाप ,11,,
353,पाँच प्रकार के आस्रवों में से एक आस्रव है,योग ,सम्‍यग्‍ज्ञान ,वियोग ,संयोग ,11,,
356,"मन, वचन, काय हैं- ",योग के भेद ,द्रव्‍य के प्रकार ,मायाचारी ,इंद्रियाँ ,11,,
357,"मिथ्‍यात्‍व, अविरति, प्रमाद, कषाय और योगों की चंचलता से युक्त आत्‍मा की प्रवृत्ति को कहते हैं- ",आस्रव ,योग ,उपयोग ,बंध ,11,,
359,पापों में प्रवृत्ति करने को कहते हैं- ,अविरति ,योग ,मिथ्‍यात्‍व ,प्रमाद ,11,,
364,अविरति होती है- ,12 प्रकार की ,4 प्रकार की ,15 प्रकार की ,5 प्रकार की ,11,,
365,प्रमाद होता है - ,15 प्रकार का ,3 प्रकार का ,6 प्रकार का ,25 प्रकार का ,11,,
367,योग होता है- ,3 प्रकार का ,11 प्रकार का ,4 प्रकार का ,25 प्रकार का ,11,,
368,निम्‍न में से आस्रव के भेद हैं- ,ये तीनों ही हैं,शुभास्रव-अशुभास्रव ,पुण्‍यास्रव-पापास्रव ,द्रव्‍यास्रव-भावास्रव ,11,,A=4
417,मिथ्‍यात्‍वादि द्वारा आत्‍मा में कर्मों का आना है- ,आस्रव ,बंध ,संवर ,मिथ्‍यात्‍व ,11,,
418,कर्म परमाणुओं का आत्‍मप्रदेशों में मिलना कहलाता है- ,बन्‍ध  ,निर्जरा ,संवर ,आत्‍मा की प्रगति ,11,,
419,महाव्रत एवं गुप्ति आदि द्वारा कर्मों का आत्‍मा में आगमन रुकना कहलाता है- ,संवर ,निर्जरा  ,आस्रव ,तत्त्व निर्णय ,11,,
420,कर्मों का आत्‍मा से एकदेश खिरना कहलाता है- ,निर्जरा ,संवर ,आस्रव ,मोक्ष ,11,,
421,आत्‍मा से समस्‍त कर्मों का सर्वथा क्षय हो जाना कहलाता है- ,मोक्ष ,संवर ,ज्ञान-दर्शन ,सम्‍यग्‍दर्शन ,11,,
431,सम्‍यक्‍त्‍व संबंधी दोष होते हैं- ,25,28,8,6,11,,
442,मुख्‍य रूप से मद होते हैं- ,8 प्रकार के ,4 प्रकार के ,6 प्रकार के ,3 प्रकार के ,11,,
443,आठ मदों में से एक मद है- ,जाति ,शंका ,कांक्षा ,रति ,11,,
444,आठ मदों में से एक मद है-,कुल ,धर्म मूढ़ता ,विचिकित्‍सा ,हास्‍य ,11,,
445,आठ मदों में से एक मद है- ,पूजा ,अज्ञानता ,अनूपगूहन ,क्रोध ,11,,
446,आठ मदों में से एक मद है- ,रूप ,देव मूढ़ता ,अस्थितिकरण ,नि:शंकित ,11,,
447,आठ मदों में से एक मद है- ,ज्ञान ,स्‍पर्शन ,अप्रभावना ,माया ,11,,
448,आठ मदों में से एक मद है- ,विद्या ,असंयम ,अवात्‍सल्‍य ,लोभ ,11,,
449,आठ मदों में से एक मद है- ,बल ,क्षमा ,मूढ़दृष्टि ,गुरु मूढ़ता ,11,,
450,आठ मदों में से एक मद है- ,तप ,इच्‍छा ,अमूढ़दृष्टि ,मिथ्‍यात्‍व ,11,,
451,"जो धर्म का स्‍थान नहीं है, वह कहलाता है- ",अनायतन ,आयतन ,मूढ़ ,दोष ,11,,
452,मुख्‍य रूप से अनायतन होते हैं- ,6 प्रकार के ,3 प्रकार के ,8 प्रकार के ,25 प्रकार के ,11,,
453,छ: प्रकार के अनायतनों में से एक है- ,कुगुरु ,कुशास्‍त्र ,म्‍लेच्‍छ खण्‍ड ,नरक ,11,,
454,छ: प्रकार के अनायतनों में से एक है-,कुदेव,कुशास्‍त्र ,विजयार्ध पर्वत ,अमेरीका ,11,,
455,छ: प्रकार के अनायतनों में से एक है-,कुधर्म,कुशास्‍त्र ,निर्वाण भूमि ,पाकिस्‍तान ,11,,
456,छ: प्रकार के अनायतनों में से एक है-,कुगुरु-सेवक ,कुशास्‍त्र ,सिद्ध क्षेत्र ,मध्‍य भारत ,11,,
457,छ: प्रकार के अनायतनों में से एक है- ,कुधर्म-सेवक ,कुशास्‍त्र ,आर्य खण्‍ड ,विदेह क्षेत्र,11,,
458,छ: प्रकार के अनायतनों में से एक है- ,कुदेव-सेवक ,कुशास्‍त्र ,जिन मंदिर ,मुनिराज,11,,
459,सम्‍यग्‍दर्शन सम्‍बंधी आठ दोषों में से एक है- ,शंका ,संवेग,जाति मद ,नि:शंकित,11,,
460,सम्‍यग्‍दर्शन सम्‍बंधी आठ दोषों में से एक है-,कांक्षा,निर्वेद,कुल मद ,नि:कांक्षित,11,,
461,सम्‍यग्‍दर्शन सम्‍बंधी आठ दोषों में से एक है-,विचिकित्‍सा,अनुकम्‍पा,पूजा मद ,निर्विचिकित्‍सा ,11,,
462,सम्‍यग्‍दर्शन सम्‍बंधी आठ दोषों में से एक है-,मूढ़दृष्टि,आस्तिक्‍य,रूप मद ,अमूढ़दृष्टि,11,,
463,सम्‍यग्‍दर्शन सम्‍बंधी आठ दोषों में से एक है-,अनुपगूहन,निंदा,ज्ञान मद ,उपगूहन,11,,
464,सम्‍यग्‍दर्शन सम्‍बंधी आठ दोषों में से एक है-,अस्थितिकरण,गर्हा,विद्या मद,स्थितिकरण,11,,
465,सम्‍यग्‍दर्शन सम्‍बंधी आठ दोषों में से एक है-,अवात्‍सल्‍य,भक्ति,बल मद,वात्‍सल्‍य,11,,
466,सम्‍यग्‍दर्शन सम्‍बंधी आठ दोषों में से एक है-,अप्रभावना ,वात्‍सल्‍य ,तप मद ,प्रभावना,11,,
467,मुख्‍य रूप से सम्‍यक्‍त्‍व के गुण होते हैं- ,8,25,6,3,11,,
476,सम्‍यक्‍त्‍व के अंग होते हैं- ,आठ ,पच्‍चीस ,चार ,छ: ,11,,
477,सम्‍यक्‍त्‍व के आठ अंगों में से एक है-,नि:शंकित,शंका ,संवेग,जाति मद ,11,,
478,सम्‍यक्‍त्‍व के आठ अंगों में से एक है,नि:कांक्षित,कांक्षा,निर्वेद,कुल मद ,11,,
479,सम्‍यक्‍त्‍व के आठ अंगों में से एक है,निर्विचिकित्‍सा ,विचिकित्‍सा,अनुकम्‍पा,पूजा मद ,11,,
480,सम्‍यक्‍त्‍व के आठ अंगों में से एक है,अमूढ़दृष्टि,मूढ़दृष्टि,आस्तिक्‍य,रूप मद ,11,,
481,सम्‍यक्‍त्‍व के आठ अंगों में से एक है,उपगूहन,अनुपगूहन,निंदा,ज्ञान मद ,11,,
482,सम्‍यक्‍त्‍व के आठ अंगों में से एक है,स्थितिकरण,अस्थितिकरण,गर्हा,विद्या मद,11,,
483,सम्‍यक्‍त्‍व के आठ अंगों में से एक है,वात्‍सल्‍य,अवात्‍सल्‍य,भक्ति,बल मद,11,,
484,सम्‍यक्‍त्‍व के आठ अंगों में से एक है,प्रभावना,अप्रभावना ,आनन्‍द,तप मद ,11,,
560,सम्‍यक्‍त्‍व के नाशक कुदेवादि की प्रशंसा करना कहलाता है- ,अनायतन ,मूढ़ता ,मद ,8 दोष ,11,,
589,सम्‍यग्‍दृष्टियों का अपने कुटुम्‍ब-सम्‍बन्धियों के साथ प्रेम होता है- ,ऊपरी-ऊपरी,सजावटी ,अत्‍यन्‍त गाढ़ा ,धार्मिक ,11,,
627,"सम्‍यग्‍दर्शन के बिना सम्‍पूर्ण क्रियायें दुखदायी हैं, क्‍योंकि- ",सम्‍यग्‍दर्शन सर्वधर्म का मूल है ,सम्‍यग्‍दर्शन सुखदायक है ,सम्‍यग्‍दर्शन सहित चारित्र ही चारित्र है ,सम्‍यग्‍दर्शन सहित ज्ञान ही सम्‍यग्‍ज्ञान है ,11,,
659,संपूर्ण विकार रहित दशा का नाम है—,मोक्ष,ज्ञान,सम्‍यग्‍दर्शन,संवर तत्त्व,11,,
701,कर्मों के आने के द्वार को कहते हैं—,आस्रव,संवर,निर्जरा,दरवाजा ,11,,
702,"मिथ्‍यात्‍व, अविरति, प्रमाद, कषाय और योग से युक्‍त आत्‍मा की प्रवृत्ति को कहते हैं—",आस्रव तत्त्व,अजीव तत्त्व,संवर तत्त्व,निर्जरा तत्त्व,11,,
703,गृहीत-अगृहीत के अतिरिक्‍त मिथ्‍यात्‍व के भेद हैं—,5,6,4,7,11,,
704,एकांत व विनय भेद हैं—,मिथ्‍यात्‍व के,कषाय के,श्रावक के नाम के,अविरति के ,11,,
706,पापों में प्रवृत्ति करने को कहते हैं—,अविरति,तत्त्व,प्रमाद,कर्मोदय,11,,
707,आत्‍मा का अपने शुद्ध भावों से विमुख होना है—,अविरति,ज्ञान,निर्जरा तत्त्व ,संवर तत्त्व ,11,,
709,किसी अच्‍छे कार्य में उत्‍साहपूर्वक प्रवृत्ति न होना है—,प्रमाद ,समय की कमी,विरति,धर्मरूचि ,11,,
710,आत्‍मज्ञान में पुरुषार्थी न होना है—,प्रमाद,संसार से विरक्ति,समय की कमी,मिथ्‍यात्‍व भाव ,11,,
712,मन-वचन और काय के द्वारा आत्‍म-प्रदेशों का परिस्‍पंदन है—,योग,प्रमाद,अविरति,मिथ्यात्‍व,11,,
713,आत्‍मा के प्रदेशों का कर्मों से बंधना है—,बंध,कर्म,निर्जरा,तत्त्व ,11,,
714,कषाय भावों का शमन और इन्द्रियों का दमन होने पर कर्मों का आना रूक जाने को—,संवर कहते हैं।,बंध कहते हैं।,तत्त्व कहते हैं।,निर्जरा कहते हैं।,11,,
715,तप के बल से इच्‍छा का निरोध होने पर कर्मों का खिर जाना है—,निर्जरा,इच्‍छा कभी खतम नहीं होती,कर्म कुछ नहीं हैं।,संवर तत्त्व ,11,,
716,सभी कर्मों से रहित आत्‍मा की जो शुद्ध अवस्‍था प्रगट होती है। वह है—,मोक्ष,आस्रव,संवर,निर्जरा ,11,,
718,"वीतराग, सर्वज्ञ, हितोपदेशी ऐसे सच्‍चे देव पर दृढ़ श्रद्धा है—",व्यवहार सम्‍यग्‍दर्शन,सम्‍यग्‍ज्ञान,सम्यक्चारित्र,रत्‍नत्रय ,11,,
719,परिग्रह रहित वीतरागी गुरु पर श्रद्धा है—,व्‍यवहार सम्‍यग्‍दर्शन,गुरु परिग्रह सहित होते है,सम्‍यग्‍ज्ञान,सम्यक्चारित्र ,11,,
720,सारभूत वीतरागी अहिंसामय जैन धर्म पर श्रद्धा है—,व्‍यवहार सम्‍यग्‍दर्शन,निश्‍चय सम्‍यग्‍दर्शन,सम्यक्चारित्र,जैन धर्म अहिंसामयी नहीं हैं,11,,
729,सात तत्त्वों की यथार्थ श्रद्धा भेदरूप राग सहित है इसलिए—,व्‍यवहार सम्‍यग्‍दर्शन हैं।,अज्ञान हैं।,मिथ्‍यादर्शन हैं।,निश्‍चय सम्‍यग्‍दर्शन हैं।,11,,
734,मिथ्‍यात्‍व और क्रोधादिरूप भाव - इन सबको सामान्‍य रूप से कहा जाता है—,कषाय,अकषाय,संवर,अविरति ,11,,
735,मिथ्‍यात्‍व और क्रोधादिरूप भाव—उन सबको सामान्‍य रूप से कषाय कहते हैं। ऐसी कषाय के अभाव को— ,शम कहते हैं।,दम कहते हैं।,विभाव कहते हैं।,क्रोध भाव कहते हैं।,11,,
736,आहारादि तथा पाँच इन्द्रियों के विषयरूप बाह्य वस्‍तुओं का त्‍याग है—,मन्दकषाय,तीव्र मोह,मोक्ष भाव,अविरति ,11,,
737,स्‍वोन्‍मुखता के बल से शुभाशुभ इच्‍छा का निरोध है—,तप,ज्ञान,त्‍याग,दिखावा ,11,,
763,"कुगुरु सेवा, कुदेव सेवा, कुधर्म सेवा ये सम्‍यक्‍त्‍व के दोष हैं—",अनायतन संबंधी,मूढ़ता संबंधी,नि:शंकादि संबंधी,मद संबंधी,11,,
767,अनायतन का अर्थ है—,धर्म के अस्‍थान,धर्म के स्‍थान,तन रहित,रुपया पैसा ,11,,
825,"भेषधारी, धर्महीन गुरु अनायतन हैं—",कुगुरु अनायतन,कुदेव अनायतन,कुशास्‍त्र अनायतन,अधर्म अनायतन,11,,
826,हिंसा के करने की प्रेरणा देने वाले शास्‍त्र कौन-से अनायतन हैं—,कुशास्‍त्र अनायतन,कुदेव अनायतन,कुगुरु अनायतन,सुशास्‍त्र ,11,,
827,राग-द्वेष-कामादि दोषों को बताने वाले शास्‍त्र अनायतन हैं— ,कुशास्‍त्र अनायतन,कुदेव अनायतन,कुशास्‍त्र-सेवक अनायतन,अधर्म अनायतन,11,,
834,षट् अनायतन दोष में .............. की प्रशंसा की जाती है।,कुदेवादि,सुदेवादि,धर्म,मोक्ष ,11,,
835,"मूढ़ता होने पर जीव .............. की सेवा, पूजा, विनय करता हैं।",कुदेवादि,सुदेवादि,गुरुओं ,मोक्ष तत्त्व ,11,,
16,‘‘आतम को हित है सुख सो सुख’’ प्रस्‍तुत पंक्ति में बताया गया है-  ,आत्‍मा का हित,सुख का लक्षण ,सच्‍चा सुख ,आत्‍मा का लक्षण ,12,,
17,‘‘आतम को हित है सुख सो सुख’’ प्रस्‍तुत पंक्ति में आत्‍मा का हित इन शब्‍दों के द्वारा बताया गया है- ,‘है सुख’ ,‘आतम को’ ,‘को हित’ ,‘सो सुख’ ,12,,
18,‘‘सो सुख आकुलता बिन कहिये’’ प्रस्‍तुत पंक्ति में बताया गया है- ,सुख का लक्षण,मोक्षमार्ग,आकुलता का लक्षण  ,एकाकीपन ,12,,
40,सत्‍यार्थ रूप लक्षण बताया है- ,निश्‍चय मोक्षमार्ग का ,निश्‍चय का ,निश्‍चय सम्‍यग्‍दर्शन का,निश्‍चय कथन का ,12,,
41,निश्‍चय मोक्षमार्ग को कहा है- ,सत्‍यारथ रूप ,सत्‍य स्‍वरूप ,बंध स्‍वरूप ,तत्त्व ,12,,
110,‘‘हेतु नियत को होई’’ इस पंक्ति में प्रयुक्त ‘हेतु’ शब्‍द के लिए अन्‍य शब्द प्रयोग कर सकते हैं-,निमित्त ,उपादान,सहायक ,तीनों ,12,,
119,"जिसके उत्‍पन्न होने पर उत्तरकाल में मोक्ष प्राप्त हो ही जाता है, वह है- ",निश्‍चय मोक्षमार्ग ,व्‍यवहार मोक्षमार्ग ,मोह का पालन ,संसार-मोक्षमार्ग ,12,,
178,‘‘उत्तम मध्‍यम जघन त्रिविध’’ यह भेद हैं-,अंतरात्‍मा का ,बहिरात्‍मा के ,जीव के ,भगवान के ,12,,
179,‘‘उत्तम मध्‍यम जघन त्रिविध’’ इस पंक्ति में उत्तम भेद है-,अंतरात्‍मा का ,बहिरात्‍मा का ,जीव का ,परमात्‍मा का ,12,,
180,‘‘उत्तम मध्‍यम जघन त्रिविध’’ इस पंक्ति में मध्‍यम भेद है-,अंतरात्‍मा का ,बहिरात्‍मा का ,जीव का ,परमात्‍मा का ,12,,
181,‘‘उत्तम मध्‍यम जघन त्रिविध’’ इस पंक्ति में जघन्‍य भेद है-,अंतरात्‍मा का ,बहिरात्‍मा का ,जीव का ,परमात्‍मा का ,12,,
207,‘‘द्विविध संग बिन सुध उपयोगी’’ यह लक्षण है-,उत्तम अंतरात्मा का ,मध्‍यम अंतरात्‍मा का ,जघन्‍य अंतरात्‍मा का ,अंतरात्‍मा का ,12,,
213,"जो शरीर और आत्‍मा को एक ही मानते हैं, उन्‍हें कहते हैं- ",बहिरात्‍मा ,अंतरात्‍मा ,आत्‍मा ,परमात्‍मा ,12,,
229,गुणस्‍थान से रहित सिद्ध भगवान को कहते हैं- ,निकल परमात्‍मा ,सकल परमात्‍मा ,अंतरात्‍मा ,आत्‍मा ,12,,
269,लोक और अलोक को देखने-जानने वाले को कहते हैं- ,सकल परमात्‍मा ,अंतरात्‍मा ,अरहंत निकल परमात्‍मा ,सिद्ध सकल परमात्‍मा ,12,,
361,अच्‍छे कार्यों में उत्‍साह पूर्वक प्रवृत्ति न करने को क्‍या कहते हैं- ,प्रमाद ,मिथ्‍यात्‍व ,कषाय ,अविरति ,12,,
362,"मन, वचन और काय के परिस्‍पंदन को कहते हैं- ",योग ,कषाय ,पाप ,अविरति ,12,,
432,मूढ़ता कहते हैं- ,बिना विवेक की क्रिया को ,पाप करने को ,वांछा सहित ज्ञान को ,बिना पूछे कार्य करने को ,12,,
433,देखा-देखी बिना विवेक के क्रिया करने को कहते हैं- ,मूढ़ता ,अनायतन ,सम्‍यक्‍‍चारित्र ,मद ,12,,
508,"‘तत्त्व यही है, ऐसा ही है, अन्‍य प्रकार से नहीं है’ इस प्रकार यथार्थ तत्त्वों में अचल श्रद्धा होना है- ",नि:शंकित अंग ,नि:कांक्षित अंग ,अमूढ़दृष्टि अंग ,प्रभावना अंग ,12,,
509,धर्म सेवन करके उसके बदले में सांसारिक सुखों की इच्‍छा न करना है- ,नि:कांक्षित अंग ,नि:शंकित अंग ,निर्विचिकित्‍सा अंग ,शल्‍य दोष ,12,,
510,मुनिराज अथवा अन्‍य धर्मात्‍मा के शरीर को मैला देखकर घृणा न करना है- ,निर्विचिकित्‍सा अंग ,नि:कांक्षित अंग ,नि:शं‍कित अंग ,वात्‍सल्‍य अंग ,12,,
511,सच्‍चे और झूठे तत्त्वों की परीक्षा करके मूढ़ताओं तथा अनायतनों में न फँसना है- ,अमूढ़दृष्टि अंग ,उपगूहन अंग ,नि:शंकित अंग ,षट् अनायतन ,12,,
512,साधर्मी जनों पर निरपेक्ष प्रेम रखना है- ,वात्‍सल्‍य अंग ,प्रभावना अंग ,दर्शनविशुद्धि भावना ,प्‍यार-मुहब्‍बत ,12,,
513,जैनधर्म का प्रकाश फैलाना है- ,प्रभावना अंग ,संवेग गुण ,धर्म वत्‍सल गुण ,मान कषाय ,12,,
514,"‘तत्त्व यह है, कि यह है, या अन्‍य है’ इस प्रकार यथार्थ तत्त्वों में चलित श्रद्धा का होना है- ",शंका दोष ,मूढ़ दृष्टि दोष ,निशंकितता ,कांक्षा दोष ,12,,
515,धर्म धारण करके उसके बदले में सांसारिक सुखों की इच्‍छा करना है- ,कांक्षा दोष ,शंका दोष ,ज्ञान मद ,अप्रभावना दोष,12,,
516,मुनिराज अथवा अन्‍य किसी धर्मात्‍मा के शरीर को मैला देखकर घृणा करना है- ,विचिकित्‍सा दोष ,कांक्षा दोष ,रूप मद ,निर्विचिकित्‍सा दोष ,12,,
517,सच्‍चे और झूठे तत्त्वों की परीक्षा नहीं करके मूढ़ताओं में फंसना है- ,मूढ़दृष्टि दोष ,अमूढ़दृष्टि दोष ,ऐश्‍वर्य मद ,वात्‍सल्‍य दोष ,12,,
518,अपने गुणों को तथा दूसरों की निंदा के दोषों को उजागर करना दोष है- ,अनुपगूहन दोष ,उपगूहन दोष ,प्रभावना दोष ,भलाई का कार्य ,12,,
519,"काम, क्रोध, लोभ आदि कारण से धर्म से भ्रष्ट होते हुए अपने को तथा पर को धर्म में स्थिर न करना है- ",अस्थितिकरण दोष ,कांक्षा दोष ,वात्‍सल्‍य दोष ,भ्रष्‍टाचार ,12,,
520,साधर्मी जनों पर निरपेक्ष प्रेम न रखना है- ,अवात्‍सल्‍य दोष ,प्रभावना अंग ,विचिकित्‍सा दोष ,घृणा भाव ,12,,
521,सामर्थ्‍यानुसार जैनधर्म का प्रभाव प्रकट न करना है- ,अप्रभावना दोष ,उपगूहन गुण ,ज्ञान मद ,हीन शक्ति ,12,,
561,धर्म और सम्‍यक्‍त्‍व में दोष जनक अविवेकीपन के कार्य को कहते हैं- ,मूढ़ता ,अविवेक ,अनायतन ,श्रद्धा ,12,,
562,वर की इच्‍छा से रागी-द्वेषी देवों की पूजा करना है- ,देव मूढ़ता ,गुरु मूढ़ता ,लोक मूढ़ता ,धर्म मूढ़ता ,12,,
599,सम्‍यग्‍दृष्टि जीव आयु पूर्ण होने पर दूसरे नरक के नारकी होते हैं।,ना ,हाँ ,शायद ,कर्मोदय से ,12,,
600,सम्‍यग्‍दृष्टि जीव आयु पूर्ण होने पर तीसरे नरक के नारकी होते हैं।,ना ,हाँ ,शायद ,कर्मोदय से ,12,,
601,सम्‍यग्‍दृष्टि जीव आयु पूर्ण होने पर चौथे नरक के नारकी होते हैं।,ना ,हाँ ,शायद ,कर्मोदय से ,12,,
602,सम्‍यग्‍दृष्टि जीव आयु पूर्ण होने पर पाँचवे नरक के नारकी होते हैं।,ना ,हाँ ,शायद ,कर्मोदय से ,12,,
603,सम्‍यग्‍दृष्टि जीव आयु पूर्ण होने पर छठवे नरक के नारकी होते हैं।,ना ,हाँ ,शायद ,कर्मोदय से ,12,,
604,सम्‍यग्‍दृष्टि जीव आयु पूर्ण होने पर सातवे नरक के नारकी होते हैं।,ना ,हाँ ,शायद ,कर्मोदय से ,12,,
605,सम्‍यग्‍दृष्टि जीव आयु पूर्ण होने पर ज्‍योतिषी देव होते हैं।,ना ,हाँ ,शायद ,कर्मोदय से ,12,,
606,सम्‍यग्‍दृष्टि जीव आयु पूर्ण होने पर व्‍यंतर देव होते हैं।,ना ,हाँ ,शायद ,कर्मोदय से ,12,,
607,सम्‍यग्‍दृष्टि जीव आयु पूर्ण होने पर भवनवासी देव होते हैं।,ना ,हाँ ,शायद ,कर्मोदय से ,12,,
608,सम्‍यग्‍दृष्टि जीव आयु पूर्ण होने पर नपुंसक होते हैं।,ना ,हाँ ,शायद ,कर्मोदय से ,12,,
609,सम्‍यग्‍दृष्टि जीव आयु पूर्ण होने पर स्‍त्री होते हैं।,ना ,हाँ ,शायद ,कर्मोदय से ,12,,
610,सम्‍यग्‍दृष्टि जीव आयु पूर्ण होने पर एकेन्द्रिय होते हैं।,ना ,हाँ ,शायद ,कर्मोदय से ,12,,
611,सम्‍यग्‍दृष्टि जीव आयु पूर्ण होने पर द्वीन्द्रिय होते हैं।,ना ,हाँ ,शायद ,कर्मोदय से ,12,,
612,सम्‍यग्‍दृष्टि जीव आयु पूर्ण होने पर त्रीन्द्रिय होते हैं।,ना ,हाँ ,शायद ,कर्मोदय से ,12,,
613,सम्‍यग्‍दृष्टि जीव आयु पूर्ण होने पर चतुरिन्द्रिय होते हैं।,ना ,हाँ ,शायद ,कर्मोदय से ,12,,
614,सम्‍यग्‍दृष्टि जीव आयु पूर्ण होने पर कर्मभूमि के तिर्यंच होते हैं।,ना ,हाँ ,शायद ,कर्मोदय से ,12,,
615,सम्‍यग्‍दृष्टि जीव आयु पूर्ण होने पर असंज्ञी पंचेन्द्रिय तिर्यंच होते हैं।,ना ,हाँ ,शायद ,कर्मोदय से ,12,,
616,सम्‍यग्‍दृष्टि जीव आयु पूर्ण होने पर ज्‍योतिषी देवी होते हैं।,ना ,हाँ ,शायद ,कर्मोदय से ,12,,
617,सम्‍यग्‍दृष्टि जीव आयु पूर्ण होने पर भवनवासी देवी होते हैं।,ना,हाँ,शायद ,कर्मोदय से ,12,,
618,सम्‍यग्‍दृष्टि जीव आयु पूर्ण होने पर अल्‍पायु वाले होते हैं।,ना ,हाँ ,शायद ,कर्मोदय से ,12,,
619,सम्‍यग्‍दृष्टि जीव आयु पूर्ण होने पर कल्‍पवासी देवी होते हैं।,ना ,हाँ ,शायद ,कर्मोदय से ,12,,
620,सम्‍यग्‍दृष्टि जीव आयु पूर्ण होने पर व्‍यंतर देवी होते हैं।,ना ,हाँ ,शायद ,कर्मोदय से ,12,,
621,सम्‍यग्‍दृष्टि जीव आयु पूर्ण होने पर विमानवासी देव होते हैं।,हाँ,ना,शायद ,कर्मोदय से ,12,,
622,सम्‍यग्‍दृष्टि जीव आयु पूर्ण होने पर प्रथम नरक के नारकी हो सकते हैं।,हाँ,ना,शायद ,कर्मोदय से ,12,,
623,सम्‍यग्‍दृष्टि जीव आयु पूर्ण होने पर भोगभूमि के मनुष्‍य हो सकते हैं।,हाँ,ना,शायद ,कर्मोदय से ,12,,
624,सम्‍यग्‍दृष्टि जीव आयु पूर्ण होने पर भोगभूमि के तिर्यंच हो सकते हैं।,हाँ,ना,शायद ,कर्मोदय से ,12,,
687,किसे हेय जानकर अंतरात्‍मा होकर परमात्‍मा बनना चाहिए?,बहिरात्‍मपने को,संवर तत्त्व को,परमात्‍मा को,आत्‍मा को ,12,,
694,‘‘स्‍वयं गमन करती हुई मछली के गमन में जल निमित्त है’’ यह उदाहरण है—,धर्म द्रव्‍य का,काल द्रव्‍य का,जीव का,पुद्‌गल का ,12,,
695,‘‘थके हुए राही को ठहरने में वृक्ष की छाया सहायक है’’ यह उदाहरण है—,अधर्म द्रव्‍य का,धर्म द्रव्‍य का,वृक्ष का उदाहरण,सहायता करने का ,12,,
696,जो स्‍वयं गतिपूर्वक ठहरने वाले जीवों और पुद्‌गलों के ठहरने में सहायक हो वह—,अधर्म द्रव्‍य है।,धर्म है।,ठहराने की जगह है।,आकाश है।,12,,
738,पुण्‍य-पाप के अशुद्ध भावों को आत्‍मा के शुद्धभाव द्वारा रोकना है—,भाव संवर,द्रव्‍य संवर,विभाव,परिग्रह ,12,,
739,जितने अंश में राग का अभाव हो उतने अंश में संवर निर्जरा रूप— ,धर्म होता है।,अधर्म होता है।,पुण्‍य होता है।,पाप होता है।,12,,
740,शुद्धात्‍मा के लक्ष्‍य से अंशत: शुद्धि की वृद्धि और अशुद्धि की हानि करना है—,भाव निर्जरा,द्रव्‍य निर्जरा,विभाव,कषायभाव ,12,,
746,अपने साधर्मी जन पर बछड़े से प्‍यार रखने वाली गाय की भांति निरपेक्ष प्रेम रखना है—,वात्‍सल्‍य अंग ,उपगूहन अंग,प्रभावना,नि:कांक्षित अंग ,12,,
750,सम्‍यग्‍दर्शन के बिना जो ज्ञान है वह ज्ञान है — ,कुज्ञान,अज्ञान,मोक्ष का कारण,सुज्ञान ,12,,
751,सम्‍यग्‍दर्शन के बिना जो चारित्र है वह चारित्र है—,मिथ्‍या चारित्र,अचारित्र,एकदेश चारित्र ,सकल संयम ,12,,
752,सम्‍यक्‌दर्शन के बिना जो तप है वह तप है—,बाल तप,अंतरंग तप,बाह्य तप,मोक्ष हेतु ,12,,
753,सम्‍यक्‍त्‍व के कितने गुण हैं ?,प्रशमादि 8,दर्शनादि 5,शब्दाचार आदि 8 ,जीवादि 6,12,,
761,"संसार, शरीर और भोगों में सम्‍यक् प्रकार से उदासीनता कहलाती है—",वैराग्‍य,मोक्ष,मूर्खता,आस्रव तत्त्व ,12,,
764,"‘‘कुदेव की सेवा, पूजा और विनय करना’’ यह सम्‍यक्‍त्‍व का दोष हैं—",अनायतन संबंधी,मद संबंधी,मूढ़ता संबंधी,शंका दोष ,12,,
765,‘कुदेवादि की प्रशंसा करना’ यह सम्‍यक्‍त्‍व का दोष है— ,अनायतन संबंधी,मूढ़ता संबंधी,प्रभावना संबंधी,मद संबंधी ,12,,
766,‘सम्‍यक्‍त्‍व का नाश करने वाले कुगुरु-धर्म की प्रशंसा करना’ कौन-सा दोष होता है— ,अनायतन दोष,मद दोष,मूढ़ता दोष,शंकादि आठ दोष ,12,,
770,जिस अंग के द्वारा सभी प्रकार की शंकाओं का अभाव होता है—,नि:शंकित,निर्विचिकित्‍सा,प्रभावना,उपगूहन ,12,,
832,जीव के मोह-राग-द्वेष रूप परिणाम हैं—,भाव आस्रव,भाव संवर,द्रव्‍य आस्रव,द्रव्‍यबंध ,12,,
833,जीव के मोह-राग-द्वेष रूप परिणामों में स्‍नि‍ग्‍धता है—,भाव बंध,द्रव्‍य बंध,द्रव्‍य आस्रव,मोक्ष तत्त्व ,12,check rep,
13,तीसरी ढाल में प्रयुक्त छंद का नाम क्‍या है ? ,नरेन्‍द्र छंद ,चौपाई छंद ,हरिगीत छंद ,दोहा छंद ,13,,
14,क्‍या तीसरी ढाल में प्रयुक्त छंद का नाम नरेन्‍द्र छंद है।,हाँ ,ना ,किसी-किसी में ,"नहीं, हरिगीत है ",13,,
15,तीसरी ढाल में कुल छंद हैं- ,17,16,15,19,13,,
38,‘‘सम्‍यग्‍दर्शन-ज्ञान-चरण शिवमग सो द्विविध विचारो’’ प्रस्‍तुत पंक्ति में बताया है-,दो प्रकार से मोक्षमार्ग का कथन ,दो प्रकार से मोक्ष का सिद्धान्‍त ,दो प्रकार का सम्‍यग्‍दर्शन ,सम्‍यक्‍त्‍वादि की उपयोगिता ,13,,
39,‘‘जो सत्‍यारथ रूप सो निश्‍चय’’ इस पंक्ति में बताया है-,निश्‍चय मोक्षमार्ग ,निश्‍चय सम्‍यग्‍ज्ञान ,सत्‍यार्थ स्‍वरूप ,निश्‍चय श्रद्धान ,13,,
72,निम्‍न पंक्तियों में से निश्‍चय सम्‍यग्‍दर्शन का लक्षण किस पंक्ति में है- ,परद्रव्‍यनतैं भिन्‍न आप मे रुचि ,आप रूप को जानपनो सो ,आप रूप में लीन रहे थिर ,आतम को हित है सुख ,13,,
73,निम्‍न पंक्तियों में से निश्‍चय सम्‍यग्‍ज्ञान का लक्षण इस पंक्ति में है ,आप रूप को जानपनो सो,परद्रव्‍यनतैं भिन्‍न आप मे रुचि,आप रूप में लीन रहे थिर,अब व्‍यवहार मोक्षमोग सुनिये हेतु नियत को होई ,13,,
74,निम्‍न पंक्तियों में से निश्‍चय सम्‍यक्‍चारित्र का लक्षण इस पंक्ति में है ,आप रूप में लीन रहे थिर,परद्रव्‍यनतैं भिन्‍न आप मे रुचि,आप रूप को जानपनो सो,तीनों में नहीं  ,13,,
87,‘‘परद्रव्‍यनतैं भिन्‍न आपमें रुचि सम्‍यक्‍त्‍व भला है’’ इस पंक्ति में वर्णन है,सम्‍यग्‍दर्शन का ,सम्‍यक्‍‍चारित्र का ,सम्‍यग्‍ज्ञान का ,व्‍यवहार चारित्र का ,13,,
88,‘‘आप रूप को जानपनों सो सम्यग्ज्ञान कला है’’ इस पंक्ति में वर्णन है,सम्‍यग्‍ज्ञान का ,सम्‍यक्‍‍चारित्र का ,सम्‍यग्‍दर्शन का ,व्‍यवहार सम्‍यग्‍दर्शन का ,13,,
89,‘‘आप रूप में लीन रहे थिर सम्‍यक्‍‍चारित्र सोई’’ इस पंक्ति में वर्णन है,निश्‍चय सम्‍यक्‍‍चारित्र का ,सम्‍यग्‍दर्शन का ,सम्‍यग्‍ज्ञान का ,निश्‍चय-व्‍यवहार  का ,13,,
93,पं.दौलतरामजी ने कला कहा है- ,सम्‍यग्‍ज्ञान को  ,सम्‍यग्‍दर्शन को ,सम्‍यक्‍‍चारित्र को ,आत्‍मा को ,13,,
121,‘‘जीव अजीव तत्त्व अरु आस्रव बंध रु संवर जानो’’ इस पंक्ति के माध्‍यम से पण्डित जी बताना चाहते हैं- ,व्‍यवहार सम्‍यक्‍त्‍व ,निश्‍चय सम्‍यक्‍त्‍व ,रत्‍नत्रय ,मिथ्‍याश्रद्धान ,13,,
122,"‘‘निर्जर मोक्ष कहे जिन तिनको, ज्‍यों का त्‍यों सरधानौ’’ इस पंक्ति के माध्‍यम से पण्डित जी बताना चाहते हैं-",व्‍यवहार सम्‍यक्‍त्‍व ,निश्‍चय सम्‍यक्‍त्‍व ,सात तत्त्व ,गृहीत मिथ्‍यादर्शन ,13,,
123,‘‘जीव अजीव तत्त्व अरु आस्रव बंध रु संवर जानो’’ इस प्रकरण में ‘जीव’ तत्त्व के बारे में क्‍या करने को कहा है-,ज्‍यों का त्‍यों श्रद्धान ,श्रद्धान ,परिभाषा याद करना  ,नाम याद करना ,13,,
124,‘‘जीव अजीव तत्त्व अरु आस्रव बंध रु संवर जानो’’ इस प्रकरण में ‘अजीव’ तत्त्व के बारे में क्‍या करने को कहा है-,ज्‍यों का त्‍यों श्रद्धान ,श्रद्धान ,परिभाषा याद करना  ,नाम याद करना ,13,,
125,‘‘जीव अजीव तत्त्व अरु आस्रव बंध रु संवर जानो’’ इस प्रकरण में ‘आस्रव’ तत्त्व के बारे में क्‍या करने को कहा है-,ज्‍यों का त्‍यों श्रद्धान ,श्रद्धान ,परिभाषा याद करना  ,नाम याद करना ,13,,
126,‘‘जीव अजीव तत्त्व अरु आस्रव बंध रु संवर जानो’’ इस प्रकरण में ‘संवर’ तत्त्व के बारे में क्‍या करने को कहा है-,ज्‍यों का त्‍यों श्रद्धान ,श्रद्धान ,परिभाषा याद करना  ,नाम याद करना ,13,,
127,‘‘निर्जर मोक्ष कहे जिन तिनको’’ इस प्रकरण में ‘निर्जरा’ तत्त्व के बारे में क्‍या करने को कहा है-,ज्‍यों का त्‍यों श्रद्धान ,श्रद्धान ,परिभाषा याद करना  ,नाम याद करना ,13,,
128,‘‘निर्जर मोक्ष कहे जिन तिनको’’ इस प्रकरण में ‘मोक्ष’ तत्त्व के बारे में क्‍या करने को कहा है-,ज्‍यों का त्‍यों श्रद्धान ,श्रद्धान ,परिभाषा याद करना  ,नाम याद करना ,13,,
129,‘‘जीव अजीव तत्त्व अरु आस्रव बंध रु संवर जानो’’ इस प्रकरण में ‘बंध’ तत्त्व के बारे में क्‍या करने को कहा है-,ज्‍यों का त्‍यों श्रद्धान ,श्रद्धान ,परिभाषा याद करना  ,नाम याद करना ,13,,
168,‘‘बहिरातम अन्‍तर आतम परमातम जीव त्रिधा है’’ इस पंक्ति में बताया है- ,जीव के भेद ,जीव की परिभाषा ,परमात्‍मा के प्रकार ,जीवत्‍व की पहिचान ,13,,
169,‘‘देह-जीव को एक गिने’’ इस पंक्ति में बताया है-,बहिरात्‍मा का लक्षण ,अंतरात्‍मा का लक्षण ,गिनने वाला दुकानदार ,परमात्‍मा का लक्षण ,13,,
234,धन-धान्‍यादि जड़ चेतन रूप वैभव को कहते हैं- ,बाह्य परिग्रह ,अंतरंग परिग्रह ,आनन्‍द की सामग्री ,पुण्‍य का बंध ,13,,
235,पर वस्‍तुओं में अपनत्‍व बुद्धि परिग्रह है- ,अंतरंग परिग्रह ,कषाय  ,बहिरंग परिग्रह ,हिंसादि 5 पाप ,13,,
236,दोनों प्रकार के परिग्रह से मुक्त मुनिराज को उत्तम अंतरात्‍मा कहा है- ,शीघ्र ही मोक्ष प्राप्ति के कारण ,मुनि होने के कारण ,वे उत्तम दिखते हैं ,वे परमेष्ठी है ,13,,
274,‘‘ज्ञान शरीरी त्रिविध कर्ममल वर्जित सिद्ध महंता’’ इस पंक्ति में वर्णन है- ,निकल परमात्‍मा के लक्षण का ,अरहंत भगवान के लक्षण का ,सर्वज्ञ होने की प्रक्रिया का ,सकल-निकल परमात्‍मा में अंतर का ,13,,
280,"‘‘बहिरातमता हेय जानि तजि, अंतर आतम हूजै’’ इस पंक्ति में प्रयुक्‍त ‘बहिरातमता’ शब्‍द से क्‍या ग्रहण करना चाहिए?",बहिरात्‍मपने को  ,बहिरात्‍माओं को ,बाहर के पदार्थों को ,भगवान को ,13,,
392,रत्‍नत्रय की वृद्धि हेतु इच्‍छाओं का निरोध करना है- ,तप ,मिथ्‍यादर्शन ,सम्यग्ज्ञान,सम्यक्त्व,13,,
400,‘‘सकल कर्म तैं रहित अवस्‍था’’ इस पंक्ति में मोक्ष का स्वरूप कैसा बताया गया है-,ये तीनों ,कर्मतैं रहित ,थिर ,सुखकारी ,13,,
401,‘‘इह विधि जो सरधा तत्त्वन की’’ इस पंक्ति में लक्षण बताया गया है-,व्‍यवहार सम्‍यक्‍त्‍व का ,निश्‍चय सम्‍यक्‍त्‍व का ,व्‍यवहार रत्‍नत्रय का ,तत्त्वों का ,13,,
402,‘‘देव जिनेन्‍द्र गुरु परिग्रह बिन धर्म दयाजुत सारो’’ इस पंक्ति के माध्‍यम से पण्डित जी ने बताया है- ,समकित का कारण ,समकित का लक्षण ,समकित का विषय ,ये तीनों ,13,,D=4
489,"‘‘जिनवच में शंका न धार, वृष’’ इस पंक्ति में वर्णन है- ",नि:शंकित अंग का ,नि:कांक्षित अंग का ,शंकित अंग का ,संवेग गुण का ,13,,
490,‘‘भवसुख वांछा भानै’’ इस पंक्ति में वर्णन है-,नि:कांक्षित अंग का ,नि:शंकित अंग का,कांक्षा अंग का ,प्रशम गुण का ,13,,
491,‘‘मुनि तन मलिन न देख घिनावै’’ इस पंक्ति में वर्णन है-,निर्विचिकित्‍सा अंग का ,नि:शंकित अंग का ,विचिकित्‍सा दोष का ,रूप मद का ,13,,
492,‘‘तत्त्व कुतत्त्व पिछानै’’ इस पंक्ति में वर्णन है-,अमूढ़दृष्टि अंग का ,गृहीत मिथ्‍यात्‍व का ,7 तत्त्वों का ,उपगूहन अंग का ,13,,
493,"‘‘निज गुण अरु पर औगुण ढाके, वा निजधर्म बढ़ावै’’ इस पंक्ति में वर्णन है-",उपगूहन अंग का ,प्रभावना अंग का ,स्थितिकरण अंग का ,वात्‍सल्‍य अंग का ,13,,
494,"‘‘कामादिक कर वृषतैं चिगते, निज पर को सु दिढ़ावै’’ इस पंक्ति में वर्णन है-",स्थितिकरण अंग का ,उपगूहन अंग का ,अमूढ़दृष्टि अंग का ,प्रभावना अंग का ,13,,
495,‘‘धर्मी सो गोवच्‍छ प्रीतिसम कर’’ इस पंक्ति में वर्णन है-,वात्‍सल्‍य अंग का ,स्थितिकरण अंग का ,भक्ति का ,लोक मूढ़ता का ,13,,
496,‘‘कर जिनधर्म दिपावै’’ इस पंक्ति में वर्णन है-,प्रभावना अंग का ,जैनशासन का ,वात्‍सल्‍य अंग का ,वर्तमान युग की हीन अवस्‍था का ,13,,
497,‘‘तिनको सतत खिपावै’’ किसको खिपाने की बात कही गई है-,दोषों को ,अनायतनों को ,मूढ़ताओं को ,गुणों को ,13,,
540,पिता के गोत्र को कहते हैं- ,कुल ,जाति ,पितृ पक्ष ,घर ,13,,
541,माता के गोत्र को कहते हैं- ,जाति ,कुल ,मातृपक्ष ,मामा ,13,,
542,स्‍वयं के पिता के राजा होने से अभिमान करना है- ,कुल मद ,बल मद ,धन मद ,जाति मद ,13,,
543,स्‍वयं के मामा के राजा होने से अभिमान करना है- ,जाति मद ,कुल मद ,कांक्षा दोष ,प्रभुता मद ,13,,
639,"आतम को हित है दु:ख, सो दु:ख आकुलता बिन कहिये।",यह पंक्ति गलत हैं।,यह पंक्ति सही हैं।,यह पंक्ति चौथी ढाल की हैं।,यह पूजन की पंक्ति हैं।,13,,
697,"जितने स्‍थान में केवल आकाश है, अन्‍य द्रव्‍य नहीं वह है",अलोकाकाश,अंतरिक्ष,आसमान,कुछ नहीं है ,13,,
30,‘‘शिवमग लाग्‍यो चहिये’’ क्‍यों ?,आकुलता शिवमाहिं न तातै ,आतम को हित है सुख ,सो सुख आकुलता बिन कहिये ,सम्‍यग्‍दर्शन ज्ञान चरन शिवमग ,14,,
32,‘‘आकुलता शिवमग न तातै’’ इसलिए ,मोक्षमार्ग में लगना चाहिए ,मोक्षमार्ग में लगाना चाहिए ,मोक्षमार्ग में लाना चाहिए ,मोक्ष प्राप्त करना चाहिए ,14,,
52,"जो मोक्षमार्ग तो नहीं है, किन्‍तु मोक्षमार्ग का निमित्त है उसे मोक्षमार्ग कहना है-  ",व्‍यवहार मोक्षमार्ग ,मिथ्‍यात्‍व ,सत्‍यार्थ कथन ,निश्‍चय मोक्षमार्ग ,14,,
53,‘एक निश्‍चय मोक्षमार्ग है और दूसरा व्‍यवहार मोक्षमार्ग है’ इस प्रकार दो मोक्षमार्ग मानना है- ,मिथ्‍या ,यथार्थ ज्ञान ,निश्‍चय का ज्ञान ,व्‍यवहार ज्ञान ,14,,
141,‘‘तिनको सुन सामान्‍य विशेषै’’ इस पंक्ति में प्रयुक्त ‘तिनको’ शब्‍द का अर्थ है-,सात तत्त्वों का स्‍वरूप ,सम्‍यग्‍दर्शन ,सातों तत्त्वों की उपादेयता ,आत्‍मा ,14,,
183,‘‘द्विविध संग बिन सुध उपयोगी’’ इस पंक्ति में प्रयुक्त ‘द्विविध’ शब्‍द से दो प्रकार ग्रहण करना चाहिए-,अंतरंग-बहिरंग ,गृहीत-अगृहीत ,सैनी-असैनी ,धन-धान्‍य ,14,,
215,समस्‍त अंतरंग और बहिरंग परिग्रह से रहित शुद्धोपयोगी मुनिराज हैं- ,उत्तम अंतरात्‍मा ,मध्‍यम अंतरात्‍मा ,जघन्‍य अंतरात्‍मा ,सकल परमात्‍मा ,14,,
277,‘‘ते हैं निकल अमल परमातम भोगै शर्म अनन्‍ता’’ इस पंक्ति में प्रयुक्‍त ‘ते हैं’ शब्‍द से क्‍या ग्रहण करना चाहिए-,सिद्ध भगवान ,मुनिराज ,अरहंत ,अज्ञानी जीव ,14,,
298,‘‘चेतनता बिन सो’’ इस पंक्ति के द्वारा लक्षण बताया है- ,अजीव का,जीव का ,पुद्‍गल का ,द्रव्‍य का ,14,,
299,‘‘पंचभेद ताके हैं’’ इस पंक्ति के अनुसार पाँच भेद हैं- ,अजीव के ,जीव के ,पुद्‍गल के ,कषाय के ,14,,
300,‘‘जिय पुद्‍गल को चलन सहाई’’ इस पंक्ति के द्वारा लक्षण बताया गया है- ,धर्म द्रव्‍य का ,अधर्म द्रव्‍य का ,पुद्‍गल द्रव्‍य का ,जीव द्रव्‍य का ,14,,
328,सिद्ध भगवान ने धर्मादिक द्रव्‍यों को बताया है।,ना ,हाँ ,केवल आत्‍मा ही बताया है,चतुर्थ काल में ,14,,
329,धर्मादिक द्रव्‍यों को सिद्ध भगवान ने नहीं कहा क्‍योंकि ,उनकी दिव्‍यध्‍वनि नहीं खिरती,वे सबको जान नहीं पाते ,वे थक जाते हैं ,वे केवल आत्‍मा ही बताते हैं ,14,,
331,‘‘सकल द्रव्‍य को वास जास में’’ इस पंक्ति द्वारा पण्डित जी ने बताया है-  ,आकाश का लक्षण ,जीव का लक्षण ,पुद्‍गल का लक्षण ,द्रव्‍य का स्‍वरूप,14,,
333,‘‘नियत वर्तना निशदिन’’ इस पंक्ति में बताया है-  ,निश्‍चय व्‍यवहार काल ,निश्‍चयकाल ,व्‍यवहार काल ,दिन-रात ,14,,
336,‘‘मन वच काय त्रियोगा’’ इस पंक्ति के माध्‍यम से पण्डितजी ने बताया है-  ,आस्रव का हेतु ,बंध का स्‍वरूप ,योग के भेद ,जीव की पर्याय ,14,,
337,‘‘मिथ्‍या अविरति अरू कषाय’’ इस पंक्ति से पण्डितजी ने बताया है- ,आस्रव का लक्षण ,मोक्ष का कारण ,जीव का स्‍वभाव ,तत्त्व का स्‍वरूप ,14,,
338,‘‘परमाद सहित उपयोगा’’ इस पंक्ति के माध्‍यम से पण्डितजी ने बताया है-  ,आस्रव का लक्षण,बंध का कारण,उपयोग का सवरूप ,जीव का लक्षण ,14,,
348,आस्रव के मूल भेद है- ,5,4,3,108,14,,
369,‘‘ये ही आतम को दु:ख कारण’’ इस पंक्ति में दु:ख का कारण कहा है- ,मिथ्‍यात्‍वादि आस्रव भावों को ,पाप को ,कषाय को ,मिथ्‍यात्‍व को ,14,,
370,‘‘ये ही आतम को दु:ख कारण’’ इस पंक्ति में ‘ये हि’ शब्‍द प्रयुक्त हुआ है- ,आस्रव के लिए ,बंध के लिए ,संवर के लिए ,अजीव के लिए ,14,,
371,‘‘तातैं इनको तजिये’’ इस पंक्ति में ‘इनको’ शब्‍द प्रयुक्त हुआ है- ,आस्रवों के लिए ,जीवों के लिए ,भव्‍यों के लिए ,भगवान के लिए ,14,,
372,‘‘तातैं इनको तजिये’’ इस पंक्ति के द्वारा पण्डित जी उपदेश दे रहे हैं- ,आस्रवों को त्‍यागने क ,बंध को अपनाने का ,पाप को छोड़ने का ,कषाय को पूजने का ,14,,
373,‘‘तातैं इनको तजिये’’ इनको अर्थात् किनको- ,आस्रवों को ,अजीवों को ,रुपये पैसे को ,आत्‍मा को,14,,
374,‘‘जीव प्रदेश बँधे विधि सो सो’’ इस पंक्ति में बताया गया है-  ,बंध का लक्षण ,विधि का विधान ,प्रदेश का स्‍वरूप ,जीव का लक्षण ,14,,
375,‘‘शम दम तैं जो कर्म न आवैं’’ इस पंक्ति में बताया है- ,संवर तत्त्व का लक्षण ,बंध तत्त्व का लक्षण ,निर्जरा तत्त्व का लक्षण ,अजीव तत्त्व का लक्षण ,14,,
378,‘‘तप बल तैं विधि झरन’’ इस पंक्ति में लक्षण बताया है- ,निर्जरा तत्त्व का,संवर तत्त्व का,आस्रव तत्त्व का,तप तत्त्व का,14,,
379,‘‘ताहि सदा आचरिये’’ इस पंक्ति में किसका आचरण करने को कहा है- ,निर्जरा का ,संवर का ,बंध का ,मोक्ष का ,14,,
380,‘‘तातैं इनको तजिये’’ इस पंक्ति में ‘इनको’ शब्‍द के द्वारा ग्रहण करना चाहिए- ,मिथ्‍यात्‍वादि भावों को ,सम्‍यक्‍त्‍वादि स्‍वभावों को ,पापों को ,कषायों को ,14,,
399,‘‘सकल कर्म तैं रहित अवस्‍था’’ इस पंक्ति में लक्षण बताया गया है- ,मोक्ष का ,कर्म का ,सुख का ,जीव का ,14,,
403,‘‘देव जिनेन्‍द्र गुरु परिग्रह बिन धर्म दयाजुत सारो’’ इस पंक्ति में जिनेन्‍द्र देव को बताया है-,समकित का कारण ,समकित का लक्षण ,समकित का विषय ,ये तीनों ,14,,D=4
404,‘‘देव जिनेन्‍द्र गुरु परिग्रह बिन धर्म दयाजुत सारो’’ इस पंक्ति में अपरिग्रही गुरु को बताया है-,समकित का कारण ,समकित का लक्षण ,समकित का विषय ,ये तीनों ,14,,D=4
405,‘‘देव जिनेन्‍द्र गुरु परिग्रह बिन धर्म दयाजुत सारो’’ इस पंक्ति में दयायुक्त धर्म को बताया है-,समकित का कारण ,समकित का लक्षण ,समकित का विषय ,ये तीनों ,14,,D=4
406,‘‘ये हु मान समकित को कारण’’ इस पंक्ति के माध्‍यम से पण्डित जी समकित का कारण कहना चाहते हैं- ,जिनेन्‍द्र देव को ,7 तत्त्वों को ,6 द्रव्‍यों को ,छहढाला ,14,,
407,‘‘ये हु मान समकित को कारण’’ इस पंक्ति के माध्‍यम से पण्डित जी समकित का कारण कहना चाहते हैं-,परिग्रह रहित गुरु को ,7 तत्त्वों को ,6 द्रव्‍यों को ,नि:शंकित अंग को ,14,,
408,‘‘ये हु मान समकित को कारण’’ इस पंक्ति के माध्‍यम से पण्डित जी समकित का कारण कहना चाहते हैं-,दया युक्त धर्म को,7 तत्त्वों को ,6 द्रव्‍यों को ,निकांक्षित अंग को ,14,,
409,‘‘ये हु मान समकित को कारण’’ इस पंक्ति के माध्‍यम से पण्डित जी समकित का कारण कहना चाहते हैं-,तीनों को ,जिनेन्‍द्र देव को , परिग्रह रहित गुरु को ,दयायुक्त धर्म को ,14,,A=4
468,सम्‍यक्‍त्‍व के आठ गुणों में से एक गुण है- ,संवेग,शंका ,नि:शंकित,जाति मद ,14,,
469,सम्‍यक्‍त्‍व के आठ गुणों में से एक गुण है,निर्वेद,कांक्षा,नि:कांक्षित,कुल मद ,14,,
470,सम्‍यक्‍त्‍व के आठ गुणों में से एक गुण है,अनुकम्‍पा,विचिकित्‍सा,निर्विचिकित्‍सा ,पूजा मद ,14,,
471,सम्‍यक्‍त्‍व के आठ गुणों में से एक गुण है,आस्तिक्‍य,मूढ़दृष्टि,अमूढ़दृष्टि,रूप मद ,14,,
472,सम्‍यक्‍त्‍व के आठ गुणों में से एक गुण है,निंदा,अनुपगूहन,उपगूहन,ज्ञान मद ,14,,
473,सम्‍यक्‍त्‍व के आठ गुणों में से एक गुण है,गर्हा,अस्थितिकरण,स्थितिकरण,विद्या मद,14,,
474,सम्‍यक्‍त्‍व के आठ गुणों में से एक गुण है,भक्ति,अवात्‍सल्‍य,ज्ञान-दर्शन ,बल मद,14,,
475,सम्‍यक्‍त्‍व के आठ गुणों में से एक गुण है,वात्‍सल्‍य ,अप्रभावना ,प्रभावना,तप मद ,14,,
563,धर्म समझकर बालू और पत्‍थरों का ढेर लगाना है- ,लोक मूढ़ता ,देव मूढ़ता ,गुरु मूढ़ता ,शास्‍त्रमूढ़ता ,14,,
564,धर्म समझकर गंगा आदि नदी रूप तीर्थों में स्‍नान करना है- ,लोक मूढ़ता ,देव मूढ़ता ,गुरु मूढ़ता ,शास्‍त्रमूढ़ता ,14,,
565,धर्म समझकर समुद्र में स्‍नान करना है- ,लोक मूढ़ता ,देव मूढ़ता ,गुरु मूढ़ता ,शास्‍त्रमूढ़ता ,14,,
566,धर्म समझकर प्रात:काल में स्‍नान करना है- ,लोक मूढ़ता ,देव मूढ़ता ,गुरु मूढ़ता ,शास्‍त्रमूढ़ता ,14,,
567,धर्म समझकर जल में प्रवेश करके मरना है- ,लोक मूढ़ता ,देव मूढ़ता ,गुरु मूढ़ता ,शास्‍त्रमूढ़ता ,14,,
568,धर्म समझकर अग्नि में जलकर मरना है- ,लोक मूढ़ता ,देव मूढ़ता ,गुरु मूढ़ता ,शास्‍त्रमूढ़ता ,14,,
569,धर्म समझकर गाय की पूँछ आदि को ग्रहण करके मरना है- ,लोक मूढ़ता ,देव मूढ़ता ,गुरु मूढ़ता ,शास्‍त्रमूढ़ता ,14,,
570,"धर्म समझकर पृथिवी, अग्नि और वटवृक्ष आदि की पूजा करना है- ",लोक मूढ़ता ,देव मूढ़ता ,गुरु मूढ़ता ,शास्‍त्रमूढ़ता ,14,,
571,वरदान की इच्‍छा से पीपल पूजना है- ,देव मूढ़ता,शास्‍त्रमूढ़ता,गुरु मूढ़ता,लोक मूढ़ता,14,,
572,वरदान की इच्‍छा से नागदेव की पूजा करना है- ,देव मूढ़ता,शास्‍त्रमूढ़ता,गुरु मूढ़ता,लोक मूढ़ता,14,,
573,वरदान की इच्‍छा से सीतलामाता पूजना है- ,देव मूढ़ता,शास्‍त्रमूढ़ता,गुरु मूढ़ता,लोक मूढ़ता,14,,
574,वरदान की इच्‍छा से होली पूजना है- ,देव मूढ़ता,शास्‍त्रमूढ़ता,गुरु मूढ़ता,लोक मूढ़ता,14,,
575,वरदान की इच्‍छा से लक्ष्‍मी पूजना है- ,देव मूढ़ता,शास्‍त्रमूढ़ता,गुरु मूढ़ता,लोक मूढ़ता,14,,
594,‘‘प्रथम नरक बिन षड् भू ज्‍योतिष’’ इस पंक्ति के माध्‍यम से पंडित जी बताना चाहते हैं-  ,सम्‍यग्‍दृष्टि के अनुत्‍पत्ति स्थान ,सम्‍यक्‍त्‍वी के उत्‍पत्ति स्‍थान ,अनायतनों के नाम ,सम्‍यक्‍त्‍व के गुण ,14,,
595,‘‘वान भवन षंडनारी’’ इस पंक्ति के माध्‍यम से पंडित जी बताना चाहते हैं-  ,सम्‍यग्‍दृष्टि के अनुत्‍पत्ति स्थान ,सम्‍यक्‍त्‍वी के उत्‍पत्ति स्‍थान ,अनायतनों के नाम ,सम्‍यक्‍त्‍व के गुण ,14,,
596,‘‘थावर विकलत्रय पशु में नहिं’’ इस पंक्ति के माध्‍यम से पंडित जी बताना चाहते हैं-  ,सम्‍यग्‍दृष्टि के अनुत्‍पत्ति स्थान ,सम्‍यक्‍त्‍वी के उत्‍पत्ति स्‍थान ,अनायतनों के नाम ,सम्‍यक्‍त्‍व के गुण ,14,,
731,जीव के मलिन भावों में स्‍नि‍ग्‍धता ही—,भाव बंध हैं।,स्‍वभाव हैं।,आस्रव हैं,मुक्ति हैं।,14,,
733,"जो राग परिणाम है, वह है—",भाव बंध,द्रव्‍य बंध,संवर तत्त्व,द्वेष भाव ,14,,
755,"‘‘जीवादि 6 द्रव्य, 7 तत्त्व के प्रति विश्‍वास’’ सम्‍यक्‍त्‍व का कौन-सा गुण है?",आस्तिक्‍य,संवेग,प्रशम,अनुकम्‍पा ,14,,
756,‘‘अनंतानुबंधी कषाय के अंतपूर्वक शेष कषायों का मंद होना’’ सम्‍यक्‍त्‍व का कौन-सा गुण है? ,प्रशम ,अनुकम्‍पा,संवेग,आस्तिक्‍य,14,,
757,‘‘संसार से भयभीत होना” सम्‍यक्‍त्‍व का कौन-सा गुण हैं,संवेग,प्रशम,आस्तिक्‍य,अनुकम्‍पा ,14,,
758,‘‘धर्म तथा धर्म के फल में उत्‍साहित होना’ सम्‍यक्‍त्‍व का कौन-सा गुण हैं,संवेग,प्रशम,आस्तिक्‍य,अनुकम्‍पा ,14,,
759,‘‘साधर्मी और पंच-परमेष्‍ठी में प्रीति होना’’ सम्‍यक्‍त्‍व का कौन-सा गुण हैं,संवेग,प्रशम,आस्तिक्‍य,अनुकम्‍पा ,14,,
760,निर्वेद का अर्थ है—,वैराग्‍य,तप,भावना,वेद रहितता ,14,,
771,"‘धर्म समझकर मृतक के हड्‌डी, भस्‍मादि गंगा में पहुंचाने से मृतक की मुक्ति हुई मानना’ मूढ़ता है— ",लोकमूढ़ता,देवमूढ़ता,गुरुमूढ़ता,कुगुरु सेवक मूढ़ता ,14,,
772,‘मृतक पति के साथ अग्‍नि में जलकर मर जाने वाली स्‍त्री को पूजना’ मूढ़ता है—,लोकमूढ़ता,गुरुमूढ़ता,देवमूढ़ता,सती मूढ़ता,14,,
773,धर्म समझकर मरे हुए पूर्वजों को पितर मानकर पूजना है—,लोकमूढ़ता,देवमूढ़ता,शास्‍त्रमूढ़ता,गुरुमूढ़ता,14,,
774,धर्म समझकर पितरों को पत्तों में स्थापित कर पहिनना है—,लोकमूढ़ता,देवमूढ़ता,शास्‍त्रमूढ़ता,गुरुमूढ़ता,14,,
775,धर्म समझकर घर के बाहर नींबू-मिर्ची टाँगना है—,लोकमूढ़ता,देवमूढ़ता,शास्‍त्रमूढ़ता,गुरुमूढ़ता,14,,
776,"धर्म समझकर सूर्य, चंद्र, मंगल आदि ग्रहों के लिए सोने-चाँदी को गले में पहिनना है—",लोकमूढ़ता,देवमूढ़ता,शास्‍त्रमूढ़ता,गुरुमूढ़ता,14,,
777,धर्म समझकर विभिन्‍न रत्‍नों की अंगूठी बनाकर पहिनना है—,लोकमूढ़ता,देवमूढ़ता,शास्‍त्रमूढ़ता,गुरुमूढ़ता,14,,
778,धर्म समझकर गृहों का दोष दूर करने के लिए कुदान देना है—,लोकमूढ़ता,देवमूढ़ता,गुरुमूढ़ता,शास्‍त्रमूढ़ता,14,,
779,धर्म समझकर संक्रांति पर दान देना है—,लोकमूढ़ता,देवमूढ़ता,गुरुमूढ़ता,शास्‍त्रमूढ़ता,14,,
780,धर्म समझकर सं‍क्रांति पर गरीबों को भोजन करवाना है—,लोकमूढ़ता,शास्‍त्रमूढ़ता,गुरुमूढ़ता,देवमूढ़ता,14,,
781,धर्म समझकर सोमवती अमावस मानकर दान देना है—,लोकमूढ़ता,देवमूढ़ता,शास्‍त्रमूढ़ता,गुरुमूढ़ता,14,,
782,"धर्म समझकर सूर्य, चंद्र को ग्रहण लगने पर स्‍नान करना है—",लोकमूढ़ता,देवमूढ़ता,गुरुमूढ़ता,शास्‍त्रमूढ़ता,14,,
783,धर्म समझकर हाथी के दांतों को शुद्ध मानना है—,लोकमूढ़ता,देवमूढ़ता,गुरुमूढ़ता,शास्‍त्रमूढ़ता,14,,
784,धर्म समझकर कुआं पूजना है—,लोकमूढ़ता,देवमूढ़ता,गुरुमूढ़ता,शास्‍त्रमूढ़ता,14,,
785,धर्म समझकर सूर्य-चंद्रमा को अर्घ देना है—,लोकमूढ़ता,देवमूढ़ता,गुरुमूढ़ता,शास्‍त्रमूढ़ता,14,,
786,धर्म समझकर देहरी पूजना है—,लोकमूढ़ता,देवमूढ़ता,गुरुमूढ़ता,कोई नहीं ,14,,
787,धर्म समझकर गणेश पूजना है—,लोकमूढ़ता,देवमूढ़ता,गुरुमूढ़ता,शास्‍त्रमूढ़ता,14,,
788,धर्म समझकर दीपक की ज्‍योति पूजना है—,लोकमूढ़ता,देवमूढ़ता,गुरुमूढ़ता,शास्‍त्रमूढ़ता,14,,
789,धर्म समझकर देवता को भेंट चढ़ाने के वादे करना है—,देवमूढ़ता,गुरुमूढ़ता,लोकमूढ़ता,कोई मूढ़ता नहीं ,14,,
790,धर्म समझकर देवता को भेंट चढ़ाकर अपनी संतान को जीवित मानना है—,देवमूढ़ता,लोकमूढ़ता,गुरुमूढ़ता,कोई मूढ़ता नहीं ,14,,
791,संतान को भगवान के द्वारा दी हुई मानना है—,देवमूढ़ता,शास्‍त्रमूढ़ता,गुरुमूढ़ता,लोकमूढ़ता,14,,
792,अपनी लौकिक कार्य की सिद्धि के लिए दान देना है—,लोकमूढ़ता,देवमूढ़ता,गुरुमूढ़ता,शास्‍त्रमूढ़ता,14,,
793,धर्म समझकर काले कुत्ते को दूध पिलाना है—,लोकमूढ़ता,गुरुमूढ़ता,देवमूढ़ता,कोई मूढ़ता नहीं ,14,,
794,धर्म समझकर रतजगा (रात्रि जागरण) करना है—,लोकमूढ़ता,गुरुमूढ़ता,शास्‍त्रमूढ़ता,देवमूढ़ता,14,,
795,धर्म समझकर कुलदेवताओं को पूजना है—,लोकमूढ़ता,गुरुमूढ़ता,शास्‍त्रमूढ़ता,देवमूढ़ता,14,,
796,धर्म समझकर कुलदेवी को पूजना है—,लोकमूढ़ता,देवमूढ़ता,गुरुमूढ़ता,शास्‍त्रमूढ़ता,14,,
797,धर्म समझकर झाड़ू को पूजना है—,लोकमूढ़ता,देवमूढ़ता,गुरुमूढ़ता,शास्‍त्रमूढ़ता,14,,
798,धर्म समझकर शीतला को पूजना है—,लोकमूढ़ता,शास्‍त्रमूढ़ता,देवमूढ़ता,गुरुमूढ़ता,14,,
799,धर्म समझकर सोने-चाँदी आदि धातुओं को पूजना है—,लोकमूढ़ता,शास्‍त्रमूढ़ता,गुरुमूढ़ता,देवमूढ़ता,14,,
800,धर्म समझकर कलम-दवात पूजना है—,लोकमूढ़ता,शास्‍त्रमूढ़ता,गुरुमूढ़ता,देवमूढ़ता,14,,
801,धर्म समझकर पशुओं को पूजना है—,लोकमूढ़ता,शास्‍त्रमूढ़ता,देवमूढ़ता,कोई मूढ़ता नहीं ,14,,
802,धर्म समझकर 56 भोग लगाना है—,लोकमूढ़ता,शास्‍त्रमूढ़ता,देवमूढ़ता,गुरुमूढ़ता,14,,
803,धर्म समझकर अन्‍न को पूजना है—,लोकमूढ़ता,शास्‍त्रमूढ़ता,देवमूढ़ता,गुरुमूढ़ता,14,,
804,धर्म समझकर जल को पूजना है—,लोकमूढ़ता,देवमूढ़ता,शास्‍त्रमूढ़ता,जल मूढ़ता ,14,,
805,धर्म समझकर शस्‍त्र को पूजना है—,लोकमूढ़ता,गुरुमूढ़ता,शास्‍त्रमूढ़ता,मद मूढ़ता,14,,
806,धर्म समझकर वृक्ष को पूजना है—,लोकमूढ़ता,शास्‍त्रमूढ़ता,वृक्ष का सम्‍मान,गुरुमूढ़ता,14,,
807,धर्म समझकर अग्‍नि को देवता मानकर पूजना है—,लोकमूढ़ता,गुरुमूढ़ता,अग्‍नि मूढ़ता,शास्‍त्रमूढ़ता,14,,
809,‘कामी क्रोधी में ईश्‍वरपने की बुद्धि करना’ है—,देवमूढ़ता,गुरुमूढ़ता,शास्‍त्रमूढ़ता,सम्‍यग्‍दर्शन ,14,,
810,देव-कुदेव का विचार किए बिना शस्‍त्रधारी को परमेश्‍वर मानना है—,देवमूढ़ता,गुरुमूढ़ता,लोकमूढ़ता,आस्तिक्‍य गुण ,14,,
811,परिग्रही को ईश्‍वर मानना है—,देवमूढ़ता,लोकमूढ़ता,गुरुमूढ़ता,अपरिग्रह व्रत ,14,,
812,कुलदेवता को सर्वोपरी मानना है—,देवमूढ़ता,लोकमूढ़ता,गुरुमूढ़ता,शास्‍त्रमूढ़ता ,14,,
813,कुलदेवी को माथा टेकने जाना है—,देवमूढ़ता,लोकमूढ़ता,प्रशम गुण,गुरुमूढ़ता,14,,
814,विश्‍व की समस्‍त रचना ईश्‍वर द्वारा रची हुई मानना है—,देवमूढ़ता,शास्‍त्रमूढ़ता,लोक का सच्‍चा ज्ञान,लोकमूढ़ता,14,,
815,‘‘ईश्‍वर ही विश्‍व का कर्ता-धर्ता है’’ ऐसा मानना है— ,देवमूढ़ता,गुरुमूढ़ता,लोकमूढ़ता,नि:शंकित अंग ,14,,
816,‘जगत में जो कुछ होता है वह सब ईश्‍वर का ही किया हुआ होता है’ ऐसा मानना है—,देवमूढ़ता,गुरुमूढ़ता,लोकमूढ़ता,कुगुरु सेवा अनायतन ,14,,
817,‘अच्‍छा या बुरा सब ईश्‍वर के द्वारा ही किया हुआ होता है’ ऐसा मानना है—,देवमूढ़ता,गुरुमूढ़ता,लोकमूढ़ता,अकर्तृत्‍व का श्रद्धान ,14,,
818,‘सब कुछ ईश्‍वर की इच्‍छा के अधीन होता है’ ऐसा मानना है—,देवमूढ़ता,लोकमूढ़ता,गुरुमूढ़ता,शास्‍त्रमूढ़ता ,14,,
819,‘शुभ या अशुभ कर्म ईश्‍वर की प्रेरणा के बिना नहीं हो सकता है’ ऐसा मानना है—,देवमूढ़ता,लोकमूढ़ता,गुरुमूढ़ता,शास्‍त्रमूढ़ता ,14,,
820,विषयों के लोलुपी को गुरु मानना है—,गुरुमूढ़ता,लोकमूढ़ता,देवमूढ़ता,धर्मश्रद्धान ,14,,
821,पाखंडी गुरुओं की बातों को सत्‍य मानना है—,गुरुमूढ़ता,सम्‍यग्‍दर्शन,देवमूढ़ता,लोकमूढ़ता,14,,
822,परिग्रहधारी को धर्म-गुरु मानना है—,गुरुमूढ़ता,लोकमूढ़ता,परिग्रह मूढ़ता,धर्ममूढ़ता,14,,
840,"मिथ्‍यात्‍व, राग, द्वेष आदि जीव के मलिन भाव हैं—",भावकर्म,द्रव्‍यकर्म,धर्म ,द्रव्‍यबंध ,14,level check,
841,भावकर्म क्‍या हैं—,रागद्वेषसहित भाव ,रागद्वेषरहित भाव,औदारिक शरीर,24 तीर्थंकर ,14,,
158,‘जीवादि सातों तत्त्वों के श्रद्धान को सम्‍यग्‍दर्शन कहते हैं’ यह परिभाषा है-,द्रव्‍यानुयोग के अनुसार ,चरणानुयोग के अनुसार ,करणानुयोग के अनुसार ,प्रथमानुयोग के अनुसार ,15,,
160,"7 कर्म प्रकृतियों के उपशमादि से आत्‍मा की जो निर्मल परिणति होती है, उसे सम्‍यग्‍दर्शन कहते हैं|",करणानुयोग के अनुसार ,प्रथमानुयोग के अनुसार ,चरणानुयोग के अनुसार ,द्रव्‍यानुयोग के अनुसार ,15,,
165,कर्मप्रकृति के क्षय आदि की अपेक्षा सम्‍यग्‍दर्शन कितने प्रकार का होता है- ,तीन प्रकार का ,दो प्रकार का ,चार प्रकार का ,एक प्रकार का ,15,,
166,जो धर्म अनेक वस्‍तुओं में समानता से व्‍याप्त रहता है वह है- ,सामान्‍य धर्म,विशेष धर्म,तत्त्व ,गुण ,15,,
167,"जो धर्म खास-खास वस्‍तुओं में रहता है, वह है- ",विशेष धर्म,एकत्‍व ,तत्त्व ,द्रव्‍यत्व ,15,,
226,पहले गुणस्‍थान से तीसरे गुणस्‍थान तक के जीवों को कहते हैं- ,बहिरात्‍मा ,अंतरात्‍मा ,परमात्‍मा ,आत्‍मा ,15,,
227,चौथे गुणस्‍थान से लेकर बारहवें गुणस्‍थान तक के जीवों को कहते हैं-,अंतरात्‍मा,बहिरात्‍मा,परमात्‍मा ,आत्‍मा ,15,,
228,तेरहवें और चौदहवें गुणस्‍थानवर्ती जीवों को कहते हैं- ,सकल परमात्‍मा ,निकल परमात्‍मा ,परमात्‍मा ,अंतरात्‍मा ,15,,
230,पदार्थों और सूत्रों को जिनने भलीभाँति जान लिया है- ऐसे श्रमण को कहते हैं- ,शुद्धोपयोगी ,शुभोपयोगी ,उपयोगी ,बहिरात्‍मा ,15,,
231,"जो संयमयुक्त और तपयुक्त हैं, राग रहित हैं- ऐसे श्रमण को कहते हैं- ",शुद्धोपयोगी ,शुभोपयोगी ,अशुभोपयोगी ,वियोगी ,15,,
232,मुनि उत्तम अंतरात्‍मा हैं- ,7वें से 12वें गुणस्‍थान तक ,4थे से 12वे गुणस्‍थान तक ,6ठे से 12वें गुणस्‍थान तक ,11वे से 12वें गुणस्‍थान तक ,15,,
233,शुभ-अशुभ राग-द्वेष की परिणति से रहित ज्ञान-दर्शन की अवस्‍था विशेष का नाम है- ,शुद्धोपयोग ,शुभोपयोग ,अशुभोपयोग ,राग-द्वेष ,15,,
285,तीसरी ढाल के अनुसार कर्ममल होते हैं- ,3 प्रकार के ,2 प्रकार के ,आठ प्रकार के ,108 प्रकार के ,15,,
292,"द्रव्‍यकर्म, भावकर्म, नोकर्म को एक शब्‍द में कहा गया है- ",कर्ममल ,अष्टकर्म ,शरीर ,आतमा ,15,,
294,ज्ञानावरणादि आठ कर्मों को कहते हैं- ,द्रव्‍यकर्म ,भावकर्म ,नोकर्म ,तीनों ,15,,D=4
295,राग-द्वेष आदि विकारी भावों को कहते हैं- ,भावकर्म ,द्रव्‍यकर्म ,नोकर्म ,अष्टकर्म ,15,,
296,पाँच प्रकार के शरीरों को कहते हैं- ,नोकर्म ,द्रव्‍यकर्म ,भावकर्म ,अष्टकर्म ,15,,
297,छ: पर्याप्तियों के योग्‍य पुद्‍गल परमाणुओं का ग्रहण कहलाता है- ,नोकर्म ,द्रव्‍यकर्म ,पुद्‍गल कर्म ,भावकर्म ,15,,
391,जीव के प्रदेश हैं- ,असंख्‍यात ,संख्‍यात ,अनन्‍त ,एक ,15,,
393,संवर उत्‍पन्न करने के कारण हैं- ,57,2,22,10,15,,
394,संवर के 57 कारणों में से एक कारण है- ,तीन गुप्ति ,पाँच महाव्रत ,छ: आवश्‍यक ,तीन रत्‍न ,15,,
395,संवर के 57 कारणों में से एक कारण है-,पाँच समिति ,सात तत्त्व ,छ: द्रव्‍य ,अदन्‍त धोवन ,15,,
396,संवर के 57 कारणों में से एक कारण है- ,दस धर्म ,अस्‍नान ,बारह तप ,तेरह चारित्र ,15,,
397,संवर के 57 कारणों में से एक कारण है- ,बाईस परीषह ,छ: सामान्‍य गुण ,षट् आवश्‍यक ,पंच महाव्रत ,15,,
398,बंध होता है- ,4 प्रकार का ,8 प्रकार का ,147 प्रकार का ,10 प्रकार का ,15,,
485,कषायों की मन्‍दता अर्थात्‍ क्रोधादि कषायों का उपशम होना है- ,प्रशम ,संवेग ,अनुकम्‍पा ,औपशमिक ज्ञान ,15,,
486,"संसार, शरीर और भोगों से भयभीत होना है- ",संवेग ,प्रशम ,अनुकम्‍पा ,आस्तिक्‍य ,15,,
487,पापकर्म से पीड़ित दु:खी जीवों को देखकर मन में करुणा का आना है- ,अनुकम्‍पा ,संवेग ,प्रशम ,आस्तिक्‍य ,15,,
488,षट्‍द्रव्‍यरूप लोक में विश्‍वास रखते हुए स्‍वात्‍म स्‍वरूप की आस्‍था जगाना है- ,आस्तिक्‍य ,अनुकम्‍पा ,संवेग ,प्रशम ,15,,
522,सम्‍यग्‍दर्शन के नि:शंकित अंग में कौन प्रसिद्ध हुए?,अंजन चोर ,अनन्‍तमति ,उद्यायन राजा ,रेवती रानी,15,,
901,सम्‍यग्‍दर्शन के नि:कांक्षित अंग में कौन प्रसिद्ध हुए?,अनन्‍तमति ,अंजन चोर ,उद्यायन राजा ,रेवती रानी,15,,
523,सम्‍यग्‍दर्शन के निर्विचिकित्‍सा अंग में कौन प्रसिद्ध हुए?,उद्यायन राजा ,मुनि वज्रकुमार ,अंजन चोर ,रेवती रानी ,15,,
524,सम्‍यग्‍दर्शन के अमूढ़दृष्टि अंग में कौन प्रसिद्ध हुए?,रेवती रानी ,जिनेन्‍द्र भक्त सेठ ,वारिषेण मुनि ,मुनि वज्रकुमार ,15,,
902,सम्‍यग्‍दर्शन के उपगूहन अंग में कौन प्रसिद्ध हुए?,जिनेन्‍द्र भक्त सेठ,मुनि वज्र कुमार ,अनन्‍तमति ,उद्यायन राजा,15,,
525,सम्‍यग्‍दर्शन के वात्‍सल्‍य अंग में कौन प्रसिद्ध हुए?,विष्‍णुकुमार मुनि ,मुनि वज्र कुमार ,अनन्‍तमति ,उद्यायन राजा,15,,
526,सम्‍यग्‍दर्शन के प्रभावना अंग में कौन प्रसिद्ध हुए?,मुनि वज्रकुमार ,मुनि विष्‍णुकुमार ,अनन्‍तमति ,मुनि वारिषेण ,15,,
527,सम्‍यग्‍दर्शन के स्थितिकरण अंग में कौन प्रसिद्ध हुए?,मुनि वारिषेण ,अंजन चोर ,अनन्‍तमति ,उद्यायन राजा ,15,,
528,अंजन चोर सम्‍यग्‍दर्शन के इस अंग में प्रसिद्ध हुए-,नि:शंकित,नि:कांक्षित ,निर्विचिकित्‍सा ,प्रभावना ,15,,
529,अनन्‍तमति सम्‍यग्‍दर्शन के इस अंग में प्रसिद्ध हुए-,नि:कांक्षित ,नि:शंकित ,अमूढ़दृष्टि ,वात्‍सल्‍य ,15,,
530,उद्यायन राजा सम्‍यग्‍दर्शन के इस अंग में प्रसिद्ध हुए-,निर्विचिकित्‍सा ,नि:कांक्षित ,प्रभावना ,स्थितिकरण ,15,,
531,रेवती रानी सम्‍यग्‍दर्शन के इस अंग में प्रसिद्ध हुई-,अमूढ़दृष्टि ,निर्विचिकित्‍सा ,उपगूहन ,नि:कांक्षित ,15,,
532,जिनेन्‍द्र भक्त सेठ सम्‍यग्‍दर्शन के इस अंग में प्रसिद्ध हुए-,उपगूहन ,अमूढ़दृष्टि ,स्थितिकरण ,वात्‍सल्‍य ,15,,
533,मुनि वारिषेण सम्‍यग्‍दर्शन के इस अंग में प्रसिद्ध हुए-,स्थितिकरण,नि:कांक्षित ,प्रभावना ,अमूढ़दृष्टि ,15,,
534,मुनि विष्‍णुकुमार सम्‍यग्‍दर्शन के इस अंग में प्रसिद्ध हुए-,वात्‍सल्‍य ,निर्विचिकित्‍सा ,नि:कांक्षित ,प्रभावना ,15,,
535,मुनि वज्रकुमार सम्‍यग्‍दर्शन के इस अंग में प्रसिद्ध हुए-,प्रभावना ,वात्‍सल्‍य ,नि:कांक्षित ,निर्विचिकित्‍सा ,15,,
585,सम्‍यग्‍दृष्टि चाहते हुए भी इन कषायों के तीव्र उदय के कारण संयम को धारण नहीं कर पाता- ,अप्रत्‍याख्‍यानावरण-प्रत्‍याख्‍यानावरण ,प्रत्‍याख्यानावरण-अनन्‍तानुबंधी ,अनन्‍तानुबंधी-संज्‍वलन ,प्रत्‍याख्‍यानावरण-संज्‍वलन ,15,,
635,वर्तमान समय में अरहन्‍त परमात्‍मा हैं- ,लाखों ,24,बीस ,अनंत,15,,
636,वर्तमान समय में सिद्ध परमात्‍मा हैं- ,अनन्‍त ,लाख ,एक ,24,15,,
641,निश्‍चय तथा व्‍यवहार नय यह दोनों अवयव हैं—,सम्‍यक् श्रुत ज्ञान के,सम्‍यक् श्रुत दर्शन के,सम्‍यक्‍त्‍व के,इन सभी के ,15,,
642,व्‍यवहाराभास अथवा निश्‍चयाभास होता है।,मिथ्‍यानय रूप,व्यवहारनय रूप,निश्‍चयनय रूप,पर्यायनय रूप ,15,,
645,किसकी अपेक्षा से दो प्रकार का मोक्षमार्ग जानना—,निरूपण की अपेक्षा से,आत्‍मा की अपेक्षा से,निश्‍चय की अपेक्षा से,व्‍यवहार की अपेक्षा से,15,,
646,‘एक निश्‍चय मोक्षमार्ग है; दूसरा व्‍यवहार मोक्षमार्ग है’—इस प्रकार से अलग-अलग मोक्षमार्ग मानना—,मिथ्‍या है।,सम्‍यक् दर्शन है।,सम्‍यग्‍ज्ञान है।,रत्‍नत्रय है।,15,,
650,जीव को निश्‍चय सम्‍यग्‍दर्शन के साथ ही होता हैं—,सम्‍यक् भाव श्रुतज्ञान,सम्‍यक् भाव श्रुत दर्शन ,अगृहीत मिथ्‍यादर्शन,विपर्यय भाव,15,,
655,तत्त्वार्थ सूत्र में ‘तत्त्वार्थश्रद्धानं सम्‍यग्‍दर्शनम्’ कहा है वह है—,व्‍यवहार सम्‍यग्‍दर्शन ,निश्‍चय सम्‍यग्‍ज्ञान,निश्‍चय सम्‍यग्‍दर्शन ,व्यवहार सम्‍यग्‍ज्ञान,15,,
677,"पंचम गुणस्‍थानवर्ती, श्रावक-क्षुल्‍लक, ऐलक सभी होते हैं—",मध्‍यम अंतरात्‍मा,उत्तम अंतरात्‍मा,जघन्‍य अंतरात्‍मा,परमात्‍मा ,15,,
823,देव-गुरु-लोक मूढ़ता का लेशमात्र भी भाव नहीं होने पर होती है—,दर्शनविशुद्धि भावना,अनित्‍य भावना,संसार भावना,संसार की वृद्धि ,15,,
824,छ: अनायतनों का त्‍याग करने से उत्‍पन्‍न होती है— ,दर्शनविशुद्धि भावना,दान भावना,आस्रव भावना,द्वेष भावना ,15,,
837,विश्‍व में धर्मद्रव्‍य है—,एक,दो,छ: ,असंख्‍यात ,15,,
